name,family_id,archetype,static_difficulty_score,episodes,wins,timeouts,ema_difficulty
r2g_train_0001,marine_mirror_01,marine_mirror,0.0,0,0,0,0.0
r2g_train_0002,marine_mirror_01,marine_mirror,0.0,0,0,0,0.0
r2g_train_0003,marine_mirror_01,marine_mirror,0.0,0,0,0,0.0
r2g_train_0004,marine_mirror_01,marine_mirror,0.0,0,0,0,0.0
r2g_train_0005,marine_mirror_01,marine_mirror,0.0,0,0,0,0.0
r2g_train_0006,marine_mirror_01,marine_mirror,0.0,0,0,0,0.0
r2g_train_0007,marine_mirror_01,marine_mirror,0.0,0,0,0,0.0
r2g_train_0008,marine_mirror_01,marine_mirror,0.0,0,0,0,0.0
r2g_train_0009,marine_mirror_01,marine_mirror,0.0,0,0,0,0.0
r2g_train_0010,marine_mirror_01,marine_mirror,0.0,0,0,0,0.0
r2g_train_0011,marine_mirror_01,marine_mirror,0.0,0,0,0,0.0
r2g_train_0012,marine_mirror_01,marine_mirror,0.0,0,0,0,0.0
r2g_train_0013,marine_mirror_02,marine_mirror,0.075758,0,0,0,0.075758
r2g_train_0014,marine_mirror_02,marine_mirror,0.075758,0,0,0,0.075758
r2g_train_0015,marine_mirror_02,marine_mirror,0.075758,0,0,0,0.075758
r2g_train_0016,marine_mirror_02,marine_mirror,0.075758,0,0,0,0.075758
r2g_train_0017,marine_mirror_02,marine_mirror,0.075758,0,0,0,0.075758
r2g_train_0018,marine_mirror_02,marine_mirror,0.075758,0,0,0,0.075758
r2g_train_0019,marine_mirror_02,marine_mirror,0.075758,0,0,0,0.075758
r2g_train_0020,marine_mirror_02,marine_mirror,0.075758,0,0,0,0.075758
r2g_train_0021,marine_mirror_02,marine_mirror,0.075758,0,0,0,0.075758
r2g_train_0022,marine_mirror_02,marine_mirror,0.075758,0,0,0,0.075758
r2g_train_0023,marine_mirror_02,marine_mirror,0.075758,0,0,0,0.075758
r2g_train_0024,marine_mirror_02,marine_mirror,0.075758,0,0,0,0.075758
r2g_train_0025,marine_mirror_03,marine_mirror,0.227273,0,0,0,0.227273
r2g_train_0026,marine_mirror_03,marine_mirror,0.227273,0,0,0,0.227273
r2g_train_0027,marine_mirror_03,marine_mirror,0.227273,0,0,0,0.227273
r2g_train_0028,marine_mirror_03,marine_mirror,0.227273,0,0,0,0.227273
r2g_train_0029,marine_mirror_03,marine_mirror,0.227273,0,0,0,0.227273
r2g_train_0030,marine_mirror_03,marine_mirror,0.227273,0,0,0,0.227273
r2g_train_0031,marine_mirror_03,marine_mirror,0.227273,0,0,0,0.227273
r2g_train_0032,marine_mirror_03,marine_mirror,0.227273,0,0,0,0.227273
r2g_train_0033,marine_mirror_03,marine_mirror,0.227273,0,0,0,0.227273
r2g_train_0034,marine_mirror_03,marine_mirror,0.227273,0,0,0,0.227273
r2g_train_0035,marine_mirror_03,marine_mirror,0.227273,0,0,0,0.227273
r2g_train_0036,marine_mirror_03,marine_mirror,0.227273,0,0,0,0.227273
r2g_train_0037,marine_mirror_04,marine_mirror,0.378788,0,0,0,0.378788
r2g_train_0038,marine_mirror_04,marine_mirror,0.378788,0,0,0,0.378788
r2g_train_0039,marine_mirror_04,marine_mirror,0.378788,0,0,0,0.378788
r2g_train_0040,marine_mirror_04,marine_mirror,0.378788,0,0,0,0.378788
r2g_train_0041,marine_mirror_04,marine_mirror,0.378788,0,0,0,0.378788
r2g_train_0042,marine_mirror_04,marine_mirror,0.378788,0,0,0,0.378788
r2g_train_0043,marine_mirror_04,marine_mirror,0.378788,0,0,0,0.378788
r2g_train_0044,marine_mirror_04,marine_mirror,0.378788,0,0,0,0.378788
r2g_train_0045,marine_mirror_04,marine_mirror,0.378788,0,0,0,0.378788
r2g_train_0046,marine_mirror_04,marine_mirror,0.378788,0,0,0,0.378788
r2g_train_0047,marine_mirror_04,marine_mirror,0.378788,0,0,0,0.378788
r2g_train_0048,marine_mirror_04,marine_mirror,0.378788,0,0,0,0.378788
r2g_train_0049,marine_mirror_05,marine_mirror,0.454545,0,0,0,0.454545
r2g_train_0050,marine_mirror_05,marine_mirror,0.454545,0,0,0,0.454545
r2g_train_0051,marine_mirror_05,marine_mirror,0.454545,0,0,0,0.454545
r2g_train_0052,marine_mirror_05,marine_mirror,0.454545,0,0,0,0.454545
r2g_train_0053,marine_mirror_05,marine_mirror,0.454545,0,0,0,0.454545
r2g_train_0054,marine_mirror_05,marine_mirror,0.454545,0,0,0,0.454545
r2g_train_0055,marine_mirror_05,marine_mirror,0.454545,0,0,0,0.454545
r2g_train_0056,marine_mirror_05,marine_mirror,0.454545,0,0,0,0.454545
r2g_train_0057,marine_mirror_05,marine_mirror,0.454545,0,0,0,0.454545
r2g_train_0058,marine_mirror_05,marine_mirror,0.454545,0,0,0,0.454545
r2g_train_0059,marine_mirror_05,marine_mirror,0.454545,0,0,0,0.454545
r2g_train_0060,marine_mirror_05,marine_mirror,0.454545,0,0,0,0.454545
r2g_train_0061,stalker_mirror_01,stalker_mirror,0.0,0,0,0,0.0
r2g_train_0062,stalker_mirror_01,stalker_mirror,0.0,0,0,0,0.0
r2g_train_0063,stalker_mirror_01,stalker_mirror,0.0,0,0,0,0.0
r2g_train_0064,stalker_mirror_01,stalker_mirror,0.0,0,0,0,0.0
r2g_train_0065,stalker_mirror_01,stalker_mirror,0.0,0,0,0,0.0
r2g_train_0066,stalker_mirror_01,stalker_mirror,0.0,0,0,0,0.0
r2g_train_0067,stalker_mirror_01,stalker_mirror,0.0,0,0,0,0.0
r2g_train_0068,stalker_mirror_01,stalker_mirror,0.0,0,0,0,0.0
r2g_train_0069,stalker_mirror_01,stalker_mirror,0.0,0,0,0,0.0
r2g_train_0070,stalker_mirror_01,stalker_mirror,0.0,0,0,0,0.0
r2g_train_0071,stalker_mirror_01,stalker_mirror,0.0,0,0,0,0.0
r2g_train_0072,stalker_mirror_01,stalker_mirror,0.0,0,0,0,0.0
r2g_train_0073,stalker_mirror_02,stalker_mirror,0.075758,0,0,0,0.075758
r2g_train_0074,stalker_mirror_02,stalker_mirror,0.075758,0,0,0,0.075758
r2g_train_0075,stalker_mirror_02,stalker_mirror,0.075758,0,0,0,0.075758
r2g_train_0076,stalker_mirror_02,stalker_mirror,0.075758,0,0,0,0.075758
r2g_train_0077,stalker_mirror_02,stalker_mirror,0.075758,0,0,0,0.075758
r2g_train_0078,stalker_mirror_02,stalker_mirror,0.075758,0,0,0,0.075758
r2g_train_0079,stalker_mirror_02,stalker_mirror,0.075758,0,0,0,0.075758
r2g_train_0080,stalker_mirror_02,stalker_mirror,0.075758,0,0,0,0.075758
r2g_train_0081,stalker_mirror_02,stalker_mirror,0.075758,0,0,0,0.075758
r2g_train_0082,stalker_mirror_02,stalker_mirror,0.075758,0,0,0,0.075758
r2g_train_0083,stalker_mirror_02,stalker_mirror,0.075758,0,0,0,0.075758
r2g_train_0084,stalker_mirror_02,stalker_mirror,0.075758,0,0,0,0.075758
r2g_train_0085,stalker_mirror_03,stalker_mirror,0.227273,0,0,0,0.227273
r2g_train_0086,stalker_mirror_03,stalker_mirror,0.227273,0,0,0,0.227273
r2g_train_0087,stalker_mirror_03,stalker_mirror,0.227273,0,0,0,0.227273
r2g_train_0088,stalker_mirror_03,stalker_mirror,0.227273,0,0,0,0.227273
r2g_train_0089,stalker_mirror_03,stalker_mirror,0.227273,0,0,0,0.227273
r2g_train_0090,stalker_mirror_03,stalker_mirror,0.227273,0,0,0,0.227273
r2g_train_0091,stalker_mirror_03,stalker_mirror,0.227273,0,0,0,0.227273
r2g_train_0092,stalker_mirror_03,stalker_mirror,0.227273,0,0,0,0.227273
r2g_train_0093,stalker_mirror_03,stalker_mirror,0.227273,0,0,0,0.227273
r2g_train_0094,stalker_mirror_03,stalker_mirror,0.227273,0,0,0,0.227273
r2g_train_0095,stalker_mirror_03,stalker_mirror,0.227273,0,0,0,0.227273
r2g_train_0096,stalker_mirror_03,stalker_mirror,0.227273,0,0,0,0.227273
r2g_train_0097,stalker_mirror_04,stalker_mirror,0.378788,0,0,0,0.378788
r2g_train_0098,stalker_mirror_04,stalker_mirror,0.378788,0,0,0,0.378788
r2g_train_0099,stalker_mirror_04,stalker_mirror,0.378788,0,0,0,0.378788
r2g_train_0100,stalker_mirror_04,stalker_mirror,0.378788,0,0,0,0.378788
r2g_train_0101,stalker_mirror_04,stalker_mirror,0.378788,0,0,0,0.378788
r2g_train_0102,stalker_mirror_04,stalker_mirror,0.378788,0,0,0,0.378788
r2g_train_0103,stalker_mirror_04,stalker_mirror,0.378788,0,0,0,0.378788
r2g_train_0104,stalker_mirror_04,stalker_mirror,0.378788,0,0,0,0.378788
r2g_train_0105,stalker_mirror_04,stalker_mirror,0.378788,0,0,0,0.378788
r2g_train_0106,stalker_mirror_04,stalker_mirror,0.378788,0,0,0,0.378788
r2g_train_0107,stalker_mirror_04,stalker_mirror,0.378788,0,0,0,0.378788
r2g_train_0108,stalker_mirror_04,stalker_mirror,0.378788,0,0,0,0.378788
r2g_train_0109,stalker_mirror_05,stalker_mirror,0.454545,0,0,0,0.454545
r2g_train_0110,stalker_mirror_05,stalker_mirror,0.454545,0,0,0,0.454545
r2g_train_0111,stalker_mirror_05,stalker_mirror,0.454545,0,0,0,0.454545
r2g_train_0112,stalker_mirror_05,stalker_mirror,0.454545,0,0,0,0.454545
r2g_train_0113,stalker_mirror_05,stalker_mirror,0.454545,0,0,0,0.454545
r2g_train_0114,stalker_mirror_05,stalker_mirror,0.454545,0,0,0,0.454545
r2g_train_0115,stalker_mirror_05,stalker_mirror,0.454545,0,0,0,0.454545
r2g_train_0116,stalker_mirror_05,stalker_mirror,0.454545,0,0,0,0.454545
r2g_train_0117,stalker_mirror_05,stalker_mirror,0.454545,0,0,0,0.454545
r2g_train_0118,stalker_mirror_05,stalker_mirror,0.454545,0,0,0,0.454545
r2g_train_0119,stalker_mirror_05,stalker_mirror,0.454545,0,0,0,0.454545
r2g_train_0120,stalker_mirror_05,stalker_mirror,0.454545,0,0,0,0.454545
r2g_train_0121,zealot_vs_zergling_01,zealot_vs_zergling,0.075758,0,0,0,0.075758
r2g_train_0122,zealot_vs_zergling_01,zealot_vs_zergling,0.075758,0,0,0,0.075758
r2g_train_0123,zealot_vs_zergling_01,zealot_vs_zergling,0.075758,0,0,0,0.075758
r2g_train_0124,zealot_vs_zergling_01,zealot_vs_zergling,0.075758,0,0,0,0.075758
r2g_train_0125,zealot_vs_zergling_01,zealot_vs_zergling,0.075758,0,0,0,0.075758
r2g_train_0126,zealot_vs_zergling_01,zealot_vs_zergling,0.075758,0,0,0,0.075758
r2g_train_0127,zealot_vs_zergling_01,zealot_vs_zergling,0.075758,0,0,0,0.075758
r2g_train_0128,zealot_vs_zergling_01,zealot_vs_zergling,0.075758,0,0,0,0.075758
r2g_train_0129,zealot_vs_zergling_01,zealot_vs_zergling,0.075758,0,0,0,0.075758
r2g_train_0130,zealot_vs_zergling_01,zealot_vs_zergling,0.075758,0,0,0,0.075758
r2g_train_0131,zealot_vs_zergling_01,zealot_vs_zergling,0.075758,0,0,0,0.075758
r2g_train_0132,zealot_vs_zergling_01,zealot_vs_zergling,0.075758,0,0,0,0.075758
r2g_train_0133,zealot_vs_zergling_02,zealot_vs_zergling,0.422078,0,0,0,0.422078
r2g_train_0134,zealot_vs_zergling_02,zealot_vs_zergling,0.422078,0,0,0,0.422078
r2g_train_0135,zealot_vs_zergling_02,zealot_vs_zergling,0.422078,0,0,0,0.422078
r2g_train_0136,zealot_vs_zergling_02,zealot_vs_zergling,0.422078,0,0,0,0.422078
r2g_train_0137,zealot_vs_zergling_02,zealot_vs_zergling,0.422078,0,0,0,0.422078
r2g_train_0138,zealot_vs_zergling_02,zealot_vs_zergling,0.422078,0,0,0,0.422078
r2g_train_0139,zealot_vs_zergling_02,zealot_vs_zergling,0.422078,0,0,0,0.422078
r2g_train_0140,zealot_vs_zergling_02,zealot_vs_zergling,0.422078,0,0,0,0.422078
r2g_train_0141,zealot_vs_zergling_02,zealot_vs_zergling,0.422078,0,0,0,0.422078
r2g_train_0142,zealot_vs_zergling_02,zealot_vs_zergling,0.422078,0,0,0,0.422078
r2g_train_0143,zealot_vs_zergling_02,zealot_vs_zergling,0.422078,0,0,0,0.422078
r2g_train_0144,zealot_vs_zergling_02,zealot_vs_zergling,0.422078,0,0,0,0.422078
r2g_train_0145,zealot_vs_zergling_03,zealot_vs_zergling,0.075758,0,0,0,0.075758
r2g_train_0146,zealot_vs_zergling_03,zealot_vs_zergling,0.075758,0,0,0,0.075758
r2g_train_0147,zealot_vs_zergling_03,zealot_vs_zergling,0.075758,0,0,0,0.075758
r2g_train_0148,zealot_vs_zergling_03,zealot_vs_zergling,0.075758,0,0,0,0.075758
r2g_train_0149,zealot_vs_zergling_03,zealot_vs_zergling,0.075758,0,0,0,0.075758
r2g_train_0150,zealot_vs_zergling_03,zealot_vs_zergling,0.075758,0,0,0,0.075758
r2g_train_0151,zealot_vs_zergling_03,zealot_vs_zergling,0.075758,0,0,0,0.075758
r2g_train_0152,zealot_vs_zergling_03,zealot_vs_zergling,0.075758,0,0,0,0.075758
r2g_train_0153,zealot_vs_zergling_03,zealot_vs_zergling,0.075758,0,0,0,0.075758
r2g_train_0154,zealot_vs_zergling_03,zealot_vs_zergling,0.075758,0,0,0,0.075758
r2g_train_0155,zealot_vs_zergling_03,zealot_vs_zergling,0.075758,0,0,0,0.075758
r2g_train_0156,zealot_vs_zergling_03,zealot_vs_zergling,0.075758,0,0,0,0.075758
r2g_train_0157,zealot_vs_zergling_04,zealot_vs_zergling,0.318182,0,0,0,0.318182
r2g_train_0158,zealot_vs_zergling_04,zealot_vs_zergling,0.318182,0,0,0,0.318182
r2g_train_0159,zealot_vs_zergling_04,zealot_vs_zergling,0.318182,0,0,0,0.318182
r2g_train_0160,zealot_vs_zergling_04,zealot_vs_zergling,0.318182,0,0,0,0.318182
r2g_train_0161,zealot_vs_zergling_04,zealot_vs_zergling,0.318182,0,0,0,0.318182
r2g_train_0162,zealot_vs_zergling_04,zealot_vs_zergling,0.318182,0,0,0,0.318182
r2g_train_0163,zealot_vs_zergling_04,zealot_vs_zergling,0.318182,0,0,0,0.318182
r2g_train_0164,zealot_vs_zergling_04,zealot_vs_zergling,0.318182,0,0,0,0.318182
r2g_train_0165,zealot_vs_zergling_04,zealot_vs_zergling,0.318182,0,0,0,0.318182
r2g_train_0166,zealot_vs_zergling_04,zealot_vs_zergling,0.318182,0,0,0,0.318182
r2g_train_0167,zealot_vs_zergling_04,zealot_vs_zergling,0.318182,0,0,0,0.318182
r2g_train_0168,zealot_vs_zergling_04,zealot_vs_zergling,0.318182,0,0,0,0.318182
r2g_train_0169,zealot_vs_zergling_05,zealot_vs_zergling,0.0,0,0,0,0.0
r2g_train_0170,zealot_vs_zergling_05,zealot_vs_zergling,0.0,0,0,0,0.0
r2g_train_0171,zealot_vs_zergling_05,zealot_vs_zergling,0.0,0,0,0,0.0
r2g_train_0172,zealot_vs_zergling_05,zealot_vs_zergling,0.0,0,0,0,0.0
r2g_train_0173,zealot_vs_zergling_05,zealot_vs_zergling,0.0,0,0,0,0.0
r2g_train_0174,zealot_vs_zergling_05,zealot_vs_zergling,0.0,0,0,0,0.0
r2g_train_0175,zealot_vs_zergling_05,zealot_vs_zergling,0.0,0,0,0,0.0
r2g_train_0176,zealot_vs_zergling_05,zealot_vs_zergling,0.0,0,0,0,0.0
r2g_train_0177,zealot_vs_zergling_05,zealot_vs_zergling,0.0,0,0,0,0.0
r2g_train_0178,zealot_vs_zergling_05,zealot_vs_zergling,0.0,0,0,0,0.0
r2g_train_0179,zealot_vs_zergling_05,zealot_vs_zergling,0.0,0,0,0,0.0
r2g_train_0180,zealot_vs_zergling_05,zealot_vs_zergling,0.0,0,0,0,0.0
r2g_train_0181,stalker_vs_zealot_01,stalker_vs_zealot,0.227273,0,0,0,0.227273
r2g_train_0182,stalker_vs_zealot_01,stalker_vs_zealot,0.227273,0,0,0,0.227273
r2g_train_0183,stalker_vs_zealot_01,stalker_vs_zealot,0.227273,0,0,0,0.227273
r2g_train_0184,stalker_vs_zealot_01,stalker_vs_zealot,0.227273,0,0,0,0.227273
r2g_train_0185,stalker_vs_zealot_01,stalker_vs_zealot,0.227273,0,0,0,0.227273
r2g_train_0186,stalker_vs_zealot_01,stalker_vs_zealot,0.227273,0,0,0,0.227273
r2g_train_0187,stalker_vs_zealot_01,stalker_vs_zealot,0.227273,0,0,0,0.227273
r2g_train_0188,stalker_vs_zealot_01,stalker_vs_zealot,0.227273,0,0,0,0.227273
r2g_train_0189,stalker_vs_zealot_01,stalker_vs_zealot,0.227273,0,0,0,0.227273
r2g_train_0190,stalker_vs_zealot_01,stalker_vs_zealot,0.227273,0,0,0,0.227273
r2g_train_0191,stalker_vs_zealot_01,stalker_vs_zealot,0.227273,0,0,0,0.227273
r2g_train_0192,stalker_vs_zealot_01,stalker_vs_zealot,0.227273,0,0,0,0.227273
r2g_train_0193,stalker_vs_zealot_02,stalker_vs_zealot,0.227273,0,0,0,0.227273
r2g_train_0194,stalker_vs_zealot_02,stalker_vs_zealot,0.227273,0,0,0,0.227273
r2g_train_0195,stalker_vs_zealot_02,stalker_vs_zealot,0.227273,0,0,0,0.227273
r2g_train_0196,stalker_vs_zealot_02,stalker_vs_zealot,0.227273,0,0,0,0.227273
r2g_train_0197,stalker_vs_zealot_02,stalker_vs_zealot,0.227273,0,0,0,0.227273
r2g_train_0198,stalker_vs_zealot_02,stalker_vs_zealot,0.227273,0,0,0,0.227273
r2g_train_0199,stalker_vs_zealot_02,stalker_vs_zealot,0.227273,0,0,0,0.227273
r2g_train_0200,stalker_vs_zealot_02,stalker_vs_zealot,0.227273,0,0,0,0.227273
r2g_train_0201,stalker_vs_zealot_02,stalker_vs_zealot,0.227273,0,0,0,0.227273
r2g_train_0202,stalker_vs_zealot_02,stalker_vs_zealot,0.227273,0,0,0,0.227273
r2g_train_0203,stalker_vs_zealot_02,stalker_vs_zealot,0.227273,0,0,0,0.227273
r2g_train_0204,stalker_vs_zealot_02,stalker_vs_zealot,0.227273,0,0,0,0.227273
r2g_train_0205,stalker_vs_zealot_03,stalker_vs_zealot,0.227273,0,0,0,0.227273
r2g_train_0206,stalker_vs_zealot_03,stalker_vs_zealot,0.227273,0,0,0,0.227273
r2g_train_0207,stalker_vs_zealot_03,stalker_vs_zealot,0.227273,0,0,0,0.227273
r2g_train_0208,stalker_vs_zealot_03,stalker_vs_zealot,0.227273,0,0,0,0.227273
r2g_train_0209,stalker_vs_zealot_03,stalker_vs_zealot,0.227273,0,0,0,0.227273
r2g_train_0210,stalker_vs_zealot_03,stalker_vs_zealot,0.227273,0,0,0,0.227273
r2g_train_0211,stalker_vs_zealot_03,stalker_vs_zealot,0.227273,0,0,0,0.227273
r2g_train_0212,stalker_vs_zealot_03,stalker_vs_zealot,0.227273,0,0,0,0.227273
r2g_train_0213,stalker_vs_zealot_03,stalker_vs_zealot,0.227273,0,0,0,0.227273
r2g_train_0214,stalker_vs_zealot_03,stalker_vs_zealot,0.227273,0,0,0,0.227273
r2g_train_0215,stalker_vs_zealot_03,stalker_vs_zealot,0.227273,0,0,0,0.227273
r2g_train_0216,stalker_vs_zealot_03,stalker_vs_zealot,0.227273,0,0,0,0.227273
r2g_train_0217,stalker_vs_zealot_04,stalker_vs_zealot,0.227273,0,0,0,0.227273
r2g_train_0218,stalker_vs_zealot_04,stalker_vs_zealot,0.227273,0,0,0,0.227273
r2g_train_0219,stalker_vs_zealot_04,stalker_vs_zealot,0.227273,0,0,0,0.227273
r2g_train_0220,stalker_vs_zealot_04,stalker_vs_zealot,0.227273,0,0,0,0.227273
r2g_train_0221,stalker_vs_zealot_04,stalker_vs_zealot,0.227273,0,0,0,0.227273
r2g_train_0222,stalker_vs_zealot_04,stalker_vs_zealot,0.227273,0,0,0,0.227273
r2g_train_0223,stalker_vs_zealot_04,stalker_vs_zealot,0.227273,0,0,0,0.227273
r2g_train_0224,stalker_vs_zealot_04,stalker_vs_zealot,0.227273,0,0,0,0.227273
r2g_train_0225,stalker_vs_zealot_04,stalker_vs_zealot,0.227273,0,0,0,0.227273
r2g_train_0226,stalker_vs_zealot_04,stalker_vs_zealot,0.227273,0,0,0,0.227273
r2g_train_0227,stalker_vs_zealot_04,stalker_vs_zealot,0.227273,0,0,0,0.227273
r2g_train_0228,stalker_vs_zealot_04,stalker_vs_zealot,0.227273,0,0,0,0.227273
r2g_train_0229,stalker_vs_zealot_05,stalker_vs_zealot,0.227273,0,0,0,0.227273
r2g_train_0230,stalker_vs_zealot_05,stalker_vs_zealot,0.227273,0,0,0,0.227273
r2g_train_0231,stalker_vs_zealot_05,stalker_vs_zealot,0.227273,0,0,0,0.227273
r2g_train_0232,stalker_vs_zealot_05,stalker_vs_zealot,0.227273,0,0,0,0.227273
r2g_train_0233,stalker_vs_zealot_05,stalker_vs_zealot,0.227273,0,0,0,0.227273
r2g_train_0234,stalker_vs_zealot_05,stalker_vs_zealot,0.227273,0,0,0,0.227273
r2g_train_0235,stalker_vs_zealot_05,stalker_vs_zealot,0.227273,0,0,0,0.227273
r2g_train_0236,stalker_vs_zealot_05,stalker_vs_zealot,0.227273,0,0,0,0.227273
r2g_train_0237,stalker_vs_zealot_05,stalker_vs_zealot,0.227273,0,0,0,0.227273
r2g_train_0238,stalker_vs_zealot_05,stalker_vs_zealot,0.227273,0,0,0,0.227273
r2g_train_0239,stalker_vs_zealot_05,stalker_vs_zealot,0.227273,0,0,0,0.227273
r2g_train_0240,stalker_vs_zealot_05,stalker_vs_zealot,0.227273,0,0,0,0.227273
r2g_train_0241,terran_vs_swarm_01,terran_vs_swarm,0.075758,0,0,0,0.075758
r2g_train_0242,terran_vs_swarm_01,terran_vs_swarm,0.075758,0,0,0,0.075758
r2g_train_0243,terran_vs_swarm_01,terran_vs_swarm,0.075758,0,0,0,0.075758
r2g_train_0244,terran_vs_swarm_01,terran_vs_swarm,0.075758,0,0,0,0.075758
r2g_train_0245,terran_vs_swarm_01,terran_vs_swarm,0.075758,0,0,0,0.075758
r2g_train_0246,terran_vs_swarm_01,terran_vs_swarm,0.075758,0,0,0,0.075758
r2g_train_0247,terran_vs_swarm_01,terran_vs_swarm,0.075758,0,0,0,0.075758
r2g_train_0248,terran_vs_swarm_01,terran_vs_swarm,0.075758,0,0,0,0.075758
r2g_train_0249,terran_vs_swarm_01,terran_vs_swarm,0.075758,0,0,0,0.075758
r2g_train_0250,terran_vs_swarm_01,terran_vs_swarm,0.075758,0,0,0,0.075758
r2g_train_0251,terran_vs_swarm_01,terran_vs_swarm,0.075758,0,0,0,0.075758
r2g_train_0252,terran_vs_swarm_01,terran_vs_swarm,0.075758,0,0,0,0.075758
r2g_train_0253,terran_vs_swarm_02,terran_vs_swarm,0.0,0,0,0,0.0
r2g_train_0254,terran_vs_swarm_02,terran_vs_swarm,0.0,0,0,0,0.0
r2g_train_0255,terran_vs_swarm_02,terran_vs_swarm,0.0,0,0,0,0.0
r2g_train_0256,terran_vs_swarm_02,terran_vs_swarm,0.0,0,0,0,0.0
r2g_train_0257,terran_vs_swarm_02,terran_vs_swarm,0.0,0,0,0,0.0
r2g_train_0258,terran_vs_swarm_02,terran_vs_swarm,0.0,0,0,0,0.0
r2g_train_0259,terran_vs_swarm_02,terran_vs_swarm,0.0,0,0,0,0.0
r2g_train_0260,terran_vs_swarm_02,terran_vs_swarm,0.0,0,0,0,0.0
r2g_train_0261,terran_vs_swarm_02,terran_vs_swarm,0.0,0,0,0,0.0
r2g_train_0262,terran_vs_swarm_02,terran_vs_swarm,0.0,0,0,0,0.0
r2g_train_0263,terran_vs_swarm_02,terran_vs_swarm,0.0,0,0,0,0.0
r2g_train_0264,terran_vs_swarm_02,terran_vs_swarm,0.0,0,0,0,0.0
r2g_train_0265,terran_vs_swarm_03,terran_vs_swarm,0.0,0,0,0,0.0
r2g_train_0266,terran_vs_swarm_03,terran_vs_swarm,0.0,0,0,0,0.0
r2g_train_0267,terran_vs_swarm_03,terran_vs_swarm,0.0,0,0,0,0.0
r2g_train_0268,terran_vs_swarm_03,terran_vs_swarm,0.0,0,0,0,0.0
r2g_train_0269,terran_vs_swarm_03,terran_vs_swarm,0.0,0,0,0,0.0
r2g_train_0270,terran_vs_swarm_03,terran_vs_swarm,0.0,0,0,0,0.0
r2g_train_0271,terran_vs_swarm_03,terran_vs_swarm,0.0,0,0,0,0.0
r2g_train_0272,terran_vs_swarm_03,terran_vs_swarm,0.0,0,0,0,0.0
r2g_train_0273,terran_vs_swarm_03,terran_vs_swarm,0.0,0,0,0,0.0
r2g_train_0274,terran_vs_swarm_03,terran_vs_swarm,0.0,0,0,0,0.0
r2g_train_0275,terran_vs_swarm_03,terran_vs_swarm,0.0,0,0,0,0.0
r2g_train_0276,terran_vs_swarm_03,terran_vs_swarm,0.0,0,0,0,0.0
r2g_train_0277,terran_vs_swarm_04,terran_vs_swarm,0.075758,0,0,0,0.075758
r2g_train_0278,terran_vs_swarm_04,terran_vs_swarm,0.075758,0,0,0,0.075758
r2g_train_0279,terran_vs_swarm_04,terran_vs_swarm,0.075758,0,0,0,0.075758
r2g_train_0280,terran_vs_swarm_04,terran_vs_swarm,0.075758,0,0,0,0.075758
r2g_train_0281,terran_vs_swarm_04,terran_vs_swarm,0.075758,0,0,0,0.075758
r2g_train_0282,terran_vs_swarm_04,terran_vs_swarm,0.075758,0,0,0,0.075758
r2g_train_0283,terran_vs_swarm_04,terran_vs_swarm,0.075758,0,0,0,0.075758
r2g_train_0284,terran_vs_swarm_04,terran_vs_swarm,0.075758,0,0,0,0.075758
r2g_train_0285,terran_vs_swarm_04,terran_vs_swarm,0.075758,0,0,0,0.075758
r2g_train_0286,terran_vs_swarm_04,terran_vs_swarm,0.075758,0,0,0,0.075758
r2g_train_0287,terran_vs_swarm_04,terran_vs_swarm,0.075758,0,0,0,0.075758
r2g_train_0288,terran_vs_swarm_04,terran_vs_swarm,0.075758,0,0,0,0.075758
r2g_train_0289,terran_vs_swarm_05,terran_vs_swarm,0.0,0,0,0,0.0
r2g_train_0290,terran_vs_swarm_05,terran_vs_swarm,0.0,0,0,0,0.0
r2g_train_0291,terran_vs_swarm_05,terran_vs_swarm,0.0,0,0,0,0.0
r2g_train_0292,terran_vs_swarm_05,terran_vs_swarm,0.0,0,0,0,0.0
r2g_train_0293,terran_vs_swarm_05,terran_vs_swarm,0.0,0,0,0,0.0
r2g_train_0294,terran_vs_swarm_05,terran_vs_swarm,0.0,0,0,0,0.0
r2g_train_0295,terran_vs_swarm_05,terran_vs_swarm,0.0,0,0,0,0.0
r2g_train_0296,terran_vs_swarm_05,terran_vs_swarm,0.0,0,0,0,0.0
r2g_train_0297,terran_vs_swarm_05,terran_vs_swarm,0.0,0,0,0,0.0
r2g_train_0298,terran_vs_swarm_05,terran_vs_swarm,0.0,0,0,0,0.0
r2g_train_0299,terran_vs_swarm_05,terran_vs_swarm,0.0,0,0,0,0.0
r2g_train_0300,terran_vs_swarm_05,terran_vs_swarm,0.0,0,0,0,0.0
r2g_train_0301,mmm_mirror_01,mmm_mirror,0.402098,0,0,0,0.402098
r2g_train_0302,mmm_mirror_01,mmm_mirror,0.402098,0,0,0,0.402098
r2g_train_0303,mmm_mirror_01,mmm_mirror,0.402098,0,0,0,0.402098
r2g_train_0304,mmm_mirror_01,mmm_mirror,0.402098,0,0,0,0.402098
r2g_train_0305,mmm_mirror_01,mmm_mirror,0.402098,0,0,0,0.402098
r2g_train_0306,mmm_mirror_01,mmm_mirror,0.402098,0,0,0,0.402098
r2g_train_0307,mmm_mirror_01,mmm_mirror,0.402098,0,0,0,0.402098
r2g_train_0308,mmm_mirror_01,mmm_mirror,0.402098,0,0,0,0.402098
r2g_train_0309,mmm_mirror_01,mmm_mirror,0.402098,0,0,0,0.402098
r2g_train_0310,mmm_mirror_01,mmm_mirror,0.402098,0,0,0,0.402098
r2g_train_0311,mmm_mirror_01,mmm_mirror,0.402098,0,0,0,0.402098
r2g_train_0312,mmm_mirror_01,mmm_mirror,0.402098,0,0,0,0.402098
r2g_train_0313,mmm_mirror_02,mmm_mirror,0.19697,0,0,0,0.19697
r2g_train_0314,mmm_mirror_02,mmm_mirror,0.19697,0,0,0,0.19697
r2g_train_0315,mmm_mirror_02,mmm_mirror,0.19697,0,0,0,0.19697
r2g_train_0316,mmm_mirror_02,mmm_mirror,0.19697,0,0,0,0.19697
r2g_train_0317,mmm_mirror_02,mmm_mirror,0.19697,0,0,0,0.19697
r2g_train_0318,mmm_mirror_02,mmm_mirror,0.19697,0,0,0,0.19697
r2g_train_0319,mmm_mirror_02,mmm_mirror,0.19697,0,0,0,0.19697
r2g_train_0320,mmm_mirror_02,mmm_mirror,0.19697,0,0,0,0.19697
r2g_train_0321,mmm_mirror_02,mmm_mirror,0.19697,0,0,0,0.19697
r2g_train_0322,mmm_mirror_02,mmm_mirror,0.19697,0,0,0,0.19697
r2g_train_0323,mmm_mirror_02,mmm_mirror,0.19697,0,0,0,0.19697
r2g_train_0324,mmm_mirror_02,mmm_mirror,0.19697,0,0,0,0.19697
r2g_train_0325,mmm_mirror_03,mmm_mirror,0.490431,0,0,0,0.490431
r2g_train_0326,mmm_mirror_03,mmm_mirror,0.490431,0,0,0,0.490431
r2g_train_0327,mmm_mirror_03,mmm_mirror,0.490431,0,0,0,0.490431
r2g_train_0328,mmm_mirror_03,mmm_mirror,0.490431,0,0,0,0.490431
r2g_train_0329,mmm_mirror_03,mmm_mirror,0.490431,0,0,0,0.490431
r2g_train_0330,mmm_mirror_03,mmm_mirror,0.490431,0,0,0,0.490431
r2g_train_0331,mmm_mirror_03,mmm_mirror,0.490431,0,0,0,0.490431
r2g_train_0332,mmm_mirror_03,mmm_mirror,0.490431,0,0,0,0.490431
r2g_train_0333,mmm_mirror_03,mmm_mirror,0.490431,0,0,0,0.490431
r2g_train_0334,mmm_mirror_03,mmm_mirror,0.490431,0,0,0,0.490431
r2g_train_0335,mmm_mirror_03,mmm_mirror,0.490431,0,0,0,0.490431
r2g_train_0336,mmm_mirror_03,mmm_mirror,0.490431,0,0,0,0.490431
r2g_train_0337,mmm_mirror_04,mmm_mirror,0.335498,0,0,0,0.335498
r2g_train_0338,mmm_mirror_04,mmm_mirror,0.335498,0,0,0,0.335498
r2g_train_0339,mmm_mirror_04,mmm_mirror,0.335498,0,0,0,0.335498
r2g_train_0340,mmm_mirror_04,mmm_mirror,0.335498,0,0,0,0.335498
r2g_train_0341,mmm_mirror_04,mmm_mirror,0.335498,0,0,0,0.335498
r2g_train_0342,mmm_mirror_04,mmm_mirror,0.335498,0,0,0,0.335498
r2g_train_0343,mmm_mirror_04,mmm_mirror,0.335498,0,0,0,0.335498
r2g_train_0344,mmm_mirror_04,mmm_mirror,0.335498,0,0,0,0.335498
r2g_train_0345,mmm_mirror_04,mmm_mirror,0.335498,0,0,0,0.335498
r2g_train_0346,mmm_mirror_04,mmm_mirror,0.335498,0,0,0,0.335498
r2g_train_0347,mmm_mirror_04,mmm_mirror,0.335498,0,0,0,0.335498
r2g_train_0348,mmm_mirror_04,mmm_mirror,0.335498,0,0,0,0.335498
r2g_train_0349,mmm_mirror_05,mmm_mirror,0.536364,0,0,0,0.536364
r2g_train_0350,mmm_mirror_05,mmm_mirror,0.536364,0,0,0,0.536364
r2g_train_0351,mmm_mirror_05,mmm_mirror,0.536364,0,0,0,0.536364
r2g_train_0352,mmm_mirror_05,mmm_mirror,0.536364,0,0,0,0.536364
r2g_train_0353,mmm_mirror_05,mmm_mirror,0.536364,0,0,0,0.536364
r2g_train_0354,mmm_mirror_05,mmm_mirror,0.536364,0,0,0,0.536364
r2g_train_0355,mmm_mirror_05,mmm_mirror,0.536364,0,0,0,0.536364
r2g_train_0356,mmm_mirror_05,mmm_mirror,0.536364,0,0,0,0.536364
r2g_train_0357,mmm_mirror_05,mmm_mirror,0.536364,0,0,0,0.536364
r2g_train_0358,mmm_mirror_05,mmm_mirror,0.536364,0,0,0,0.536364
r2g_train_0359,mmm_mirror_05,mmm_mirror,0.536364,0,0,0,0.536364
r2g_train_0360,mmm_mirror_05,mmm_mirror,0.536364,0,0,0,0.536364
r2g_train_0361,stalker_zealot_mirror_01,stalker_zealot_mirror,0.162338,0,0,0,0.162338
r2g_train_0362,stalker_zealot_mirror_01,stalker_zealot_mirror,0.162338,0,0,0,0.162338
r2g_train_0363,stalker_zealot_mirror_01,stalker_zealot_mirror,0.162338,0,0,0,0.162338
r2g_train_0364,stalker_zealot_mirror_01,stalker_zealot_mirror,0.162338,0,0,0,0.162338
r2g_train_0365,stalker_zealot_mirror_01,stalker_zealot_mirror,0.162338,0,0,0,0.162338
r2g_train_0366,stalker_zealot_mirror_01,stalker_zealot_mirror,0.162338,0,0,0,0.162338
r2g_train_0367,stalker_zealot_mirror_01,stalker_zealot_mirror,0.162338,0,0,0,0.162338
r2g_train_0368,stalker_zealot_mirror_01,stalker_zealot_mirror,0.162338,0,0,0,0.162338
r2g_train_0369,stalker_zealot_mirror_01,stalker_zealot_mirror,0.162338,0,0,0,0.162338
r2g_train_0370,stalker_zealot_mirror_01,stalker_zealot_mirror,0.162338,0,0,0,0.162338
r2g_train_0371,stalker_zealot_mirror_01,stalker_zealot_mirror,0.162338,0,0,0,0.162338
r2g_train_0372,stalker_zealot_mirror_01,stalker_zealot_mirror,0.162338,0,0,0,0.162338
r2g_train_0373,stalker_zealot_mirror_02,stalker_zealot_mirror,0.176768,0,0,0,0.176768
r2g_train_0374,stalker_zealot_mirror_02,stalker_zealot_mirror,0.176768,0,0,0,0.176768
r2g_train_0375,stalker_zealot_mirror_02,stalker_zealot_mirror,0.176768,0,0,0,0.176768
r2g_train_0376,stalker_zealot_mirror_02,stalker_zealot_mirror,0.176768,0,0,0,0.176768
r2g_train_0377,stalker_zealot_mirror_02,stalker_zealot_mirror,0.176768,0,0,0,0.176768
r2g_train_0378,stalker_zealot_mirror_02,stalker_zealot_mirror,0.176768,0,0,0,0.176768
r2g_train_0379,stalker_zealot_mirror_02,stalker_zealot_mirror,0.176768,0,0,0,0.176768
r2g_train_0380,stalker_zealot_mirror_02,stalker_zealot_mirror,0.176768,0,0,0,0.176768
r2g_train_0381,stalker_zealot_mirror_02,stalker_zealot_mirror,0.176768,0,0,0,0.176768
r2g_train_0382,stalker_zealot_mirror_02,stalker_zealot_mirror,0.176768,0,0,0,0.176768
r2g_train_0383,stalker_zealot_mirror_02,stalker_zealot_mirror,0.176768,0,0,0,0.176768
r2g_train_0384,stalker_zealot_mirror_02,stalker_zealot_mirror,0.176768,0,0,0,0.176768
r2g_train_0385,stalker_zealot_mirror_03,stalker_zealot_mirror,0.365613,0,0,0,0.365613
r2g_train_0386,stalker_zealot_mirror_03,stalker_zealot_mirror,0.365613,0,0,0,0.365613
r2g_train_0387,stalker_zealot_mirror_03,stalker_zealot_mirror,0.365613,0,0,0,0.365613
r2g_train_0388,stalker_zealot_mirror_03,stalker_zealot_mirror,0.365613,0,0,0,0.365613
r2g_train_0389,stalker_zealot_mirror_03,stalker_zealot_mirror,0.365613,0,0,0,0.365613
r2g_train_0390,stalker_zealot_mirror_03,stalker_zealot_mirror,0.365613,0,0,0,0.365613
r2g_train_0391,stalker_zealot_mirror_03,stalker_zealot_mirror,0.365613,0,0,0,0.365613
r2g_train_0392,stalker_zealot_mirror_03,stalker_zealot_mirror,0.365613,0,0,0,0.365613
r2g_train_0393,stalker_zealot_mirror_03,stalker_zealot_mirror,0.365613,0,0,0,0.365613
r2g_train_0394,stalker_zealot_mirror_03,stalker_zealot_mirror,0.365613,0,0,0,0.365613
r2g_train_0395,stalker_zealot_mirror_03,stalker_zealot_mirror,0.365613,0,0,0,0.365613
r2g_train_0396,stalker_zealot_mirror_03,stalker_zealot_mirror,0.365613,0,0,0,0.365613
r2g_train_0397,stalker_zealot_mirror_04,stalker_zealot_mirror,0.345118,0,0,0,0.345118
r2g_train_0398,stalker_zealot_mirror_04,stalker_zealot_mirror,0.345118,0,0,0,0.345118
r2g_train_0399,stalker_zealot_mirror_04,stalker_zealot_mirror,0.345118,0,0,0,0.345118
r2g_train_0400,stalker_zealot_mirror_04,stalker_zealot_mirror,0.345118,0,0,0,0.345118
r2g_train_0401,stalker_zealot_mirror_04,stalker_zealot_mirror,0.345118,0,0,0,0.345118
r2g_train_0402,stalker_zealot_mirror_04,stalker_zealot_mirror,0.345118,0,0,0,0.345118
r2g_train_0403,stalker_zealot_mirror_04,stalker_zealot_mirror,0.345118,0,0,0,0.345118
r2g_train_0404,stalker_zealot_mirror_04,stalker_zealot_mirror,0.345118,0,0,0,0.345118
r2g_train_0405,stalker_zealot_mirror_04,stalker_zealot_mirror,0.345118,0,0,0,0.345118
r2g_train_0406,stalker_zealot_mirror_04,stalker_zealot_mirror,0.345118,0,0,0,0.345118
r2g_train_0407,stalker_zealot_mirror_04,stalker_zealot_mirror,0.345118,0,0,0,0.345118
r2g_train_0408,stalker_zealot_mirror_04,stalker_zealot_mirror,0.345118,0,0,0,0.345118
r2g_train_0409,stalker_zealot_mirror_05,stalker_zealot_mirror,0.429293,0,0,0,0.429293
r2g_train_0410,stalker_zealot_mirror_05,stalker_zealot_mirror,0.429293,0,0,0,0.429293
r2g_train_0411,stalker_zealot_mirror_05,stalker_zealot_mirror,0.429293,0,0,0,0.429293
r2g_train_0412,stalker_zealot_mirror_05,stalker_zealot_mirror,0.429293,0,0,0,0.429293
r2g_train_0413,stalker_zealot_mirror_05,stalker_zealot_mirror,0.429293,0,0,0,0.429293
r2g_train_0414,stalker_zealot_mirror_05,stalker_zealot_mirror,0.429293,0,0,0,0.429293
r2g_train_0415,stalker_zealot_mirror_05,stalker_zealot_mirror,0.429293,0,0,0,0.429293
r2g_train_0416,stalker_zealot_mirror_05,stalker_zealot_mirror,0.429293,0,0,0,0.429293
r2g_train_0417,stalker_zealot_mirror_05,stalker_zealot_mirror,0.429293,0,0,0,0.429293
r2g_train_0418,stalker_zealot_mirror_05,stalker_zealot_mirror,0.429293,0,0,0,0.429293
r2g_train_0419,stalker_zealot_mirror_05,stalker_zealot_mirror,0.429293,0,0,0,0.429293
r2g_train_0420,stalker_zealot_mirror_05,stalker_zealot_mirror,0.429293,0,0,0,0.429293
r2g_train_0421,stalker_colossus_vs_swarm_01,stalker_colossus_vs_swarm,0.292208,0,0,0,0.292208
r2g_train_0422,stalker_colossus_vs_swarm_01,stalker_colossus_vs_swarm,0.292208,0,0,0,0.292208
r2g_train_0423,stalker_colossus_vs_swarm_01,stalker_colossus_vs_swarm,0.292208,0,0,0,0.292208
r2g_train_0424,stalker_colossus_vs_swarm_01,stalker_colossus_vs_swarm,0.292208,0,0,0,0.292208
r2g_train_0425,stalker_colossus_vs_swarm_01,stalker_colossus_vs_swarm,0.292208,0,0,0,0.292208
r2g_train_0426,stalker_colossus_vs_swarm_01,stalker_colossus_vs_swarm,0.292208,0,0,0,0.292208
r2g_train_0427,stalker_colossus_vs_swarm_01,stalker_colossus_vs_swarm,0.292208,0,0,0,0.292208
r2g_train_0428,stalker_colossus_vs_swarm_01,stalker_colossus_vs_swarm,0.292208,0,0,0,0.292208
r2g_train_0429,stalker_colossus_vs_swarm_01,stalker_colossus_vs_swarm,0.292208,0,0,0,0.292208
r2g_train_0430,stalker_colossus_vs_swarm_01,stalker_colossus_vs_swarm,0.292208,0,0,0,0.292208
r2g_train_0431,stalker_colossus_vs_swarm_01,stalker_colossus_vs_swarm,0.292208,0,0,0,0.292208
r2g_train_0432,stalker_colossus_vs_swarm_01,stalker_colossus_vs_swarm,0.292208,0,0,0,0.292208
r2g_train_0433,stalker_colossus_vs_swarm_02,stalker_colossus_vs_swarm,0.568182,0,0,0,0.568182
r2g_train_0434,stalker_colossus_vs_swarm_02,stalker_colossus_vs_swarm,0.568182,0,0,0,0.568182
r2g_train_0435,stalker_colossus_vs_swarm_02,stalker_colossus_vs_swarm,0.568182,0,0,0,0.568182
r2g_train_0436,stalker_colossus_vs_swarm_02,stalker_colossus_vs_swarm,0.568182,0,0,0,0.568182
r2g_train_0437,stalker_colossus_vs_swarm_02,stalker_colossus_vs_swarm,0.568182,0,0,0,0.568182
r2g_train_0438,stalker_colossus_vs_swarm_02,stalker_colossus_vs_swarm,0.568182,0,0,0,0.568182
r2g_train_0439,stalker_colossus_vs_swarm_02,stalker_colossus_vs_swarm,0.568182,0,0,0,0.568182
r2g_train_0440,stalker_colossus_vs_swarm_02,stalker_colossus_vs_swarm,0.568182,0,0,0,0.568182
r2g_train_0441,stalker_colossus_vs_swarm_02,stalker_colossus_vs_swarm,0.568182,0,0,0,0.568182
r2g_train_0442,stalker_colossus_vs_swarm_02,stalker_colossus_vs_swarm,0.568182,0,0,0,0.568182
r2g_train_0443,stalker_colossus_vs_swarm_02,stalker_colossus_vs_swarm,0.568182,0,0,0,0.568182
r2g_train_0444,stalker_colossus_vs_swarm_02,stalker_colossus_vs_swarm,0.568182,0,0,0,0.568182
r2g_train_0445,stalker_colossus_vs_swarm_03,stalker_colossus_vs_swarm,0.277778,0,0,0,0.277778
r2g_train_0446,stalker_colossus_vs_swarm_03,stalker_colossus_vs_swarm,0.277778,0,0,0,0.277778
r2g_train_0447,stalker_colossus_vs_swarm_03,stalker_colossus_vs_swarm,0.277778,0,0,0,0.277778
r2g_train_0448,stalker_colossus_vs_swarm_03,stalker_colossus_vs_swarm,0.277778,0,0,0,0.277778
r2g_train_0449,stalker_colossus_vs_swarm_03,stalker_colossus_vs_swarm,0.277778,0,0,0,0.277778
r2g_train_0450,stalker_colossus_vs_swarm_03,stalker_colossus_vs_swarm,0.277778,0,0,0,0.277778
r2g_train_0451,stalker_colossus_vs_swarm_03,stalker_colossus_vs_swarm,0.277778,0,0,0,0.277778
r2g_train_0452,stalker_colossus_vs_swarm_03,stalker_colossus_vs_swarm,0.277778,0,0,0,0.277778
r2g_train_0453,stalker_colossus_vs_swarm_03,stalker_colossus_vs_swarm,0.277778,0,0,0,0.277778
r2g_train_0454,stalker_colossus_vs_swarm_03,stalker_colossus_vs_swarm,0.277778,0,0,0,0.277778
r2g_train_0455,stalker_colossus_vs_swarm_03,stalker_colossus_vs_swarm,0.277778,0,0,0,0.277778
r2g_train_0456,stalker_colossus_vs_swarm_03,stalker_colossus_vs_swarm,0.277778,0,0,0,0.277778
r2g_train_0457,stalker_colossus_vs_swarm_04,stalker_colossus_vs_swarm,0.0,0,0,0,0.0
r2g_train_0458,stalker_colossus_vs_swarm_04,stalker_colossus_vs_swarm,0.0,0,0,0,0.0
r2g_train_0459,stalker_colossus_vs_swarm_04,stalker_colossus_vs_swarm,0.0,0,0,0,0.0
r2g_train_0460,stalker_colossus_vs_swarm_04,stalker_colossus_vs_swarm,0.0,0,0,0,0.0
r2g_train_0461,stalker_colossus_vs_swarm_04,stalker_colossus_vs_swarm,0.0,0,0,0,0.0
r2g_train_0462,stalker_colossus_vs_swarm_04,stalker_colossus_vs_swarm,0.0,0,0,0,0.0
r2g_train_0463,stalker_colossus_vs_swarm_04,stalker_colossus_vs_swarm,0.0,0,0,0,0.0
r2g_train_0464,stalker_colossus_vs_swarm_04,stalker_colossus_vs_swarm,0.0,0,0,0,0.0
r2g_train_0465,stalker_colossus_vs_swarm_04,stalker_colossus_vs_swarm,0.0,0,0,0,0.0
r2g_train_0466,stalker_colossus_vs_swarm_04,stalker_colossus_vs_swarm,0.0,0,0,0,0.0
r2g_train_0467,stalker_colossus_vs_swarm_04,stalker_colossus_vs_swarm,0.0,0,0,0,0.0
r2g_train_0468,stalker_colossus_vs_swarm_04,stalker_colossus_vs_swarm,0.0,0,0,0,0.0
r2g_train_0469,stalker_colossus_vs_swarm_05,stalker_colossus_vs_swarm,0.0,0,0,0,0.0
r2g_train_0470,stalker_colossus_vs_swarm_05,stalker_colossus_vs_swarm,0.0,0,0,0,0.0
r2g_train_0471,stalker_colossus_vs_swarm_05,stalker_colossus_vs_swarm,0.0,0,0,0,0.0
r2g_train_0472,stalker_colossus_vs_swarm_05,stalker_colossus_vs_swarm,0.0,0,0,0,0.0
r2g_train_0473,stalker_colossus_vs_swarm_05,stalker_colossus_vs_swarm,0.0,0,0,0,0.0
r2g_train_0474,stalker_colossus_vs_swarm_05,stalker_colossus_vs_swarm,0.0,0,0,0,0.0
r2g_train_0475,stalker_colossus_vs_swarm_05,stalker_colossus_vs_swarm,0.0,0,0,0,0.0
r2g_train_0476,stalker_colossus_vs_swarm_05,stalker_colossus_vs_swarm,0.0,0,0,0,0.0
r2g_train_0477,stalker_colossus_vs_swarm_05,stalker_colossus_vs_swarm,0.0,0,0,0,0.0
r2g_train_0478,stalker_colossus_vs_swarm_05,stalker_colossus_vs_swarm,0.0,0,0,0,0.0
r2g_train_0479,stalker_colossus_vs_swarm_05,stalker_colossus_vs_swarm,0.0,0,0,0,0.0
r2g_train_0480,stalker_colossus_vs_swarm_05,stalker_colossus_vs_swarm,0.0,0,0,0,0.0
r2g_train_0481,stalker_vs_spine_01,stalker_vs_spine,0.0,0,0,0,0.0
r2g_train_0482,stalker_vs_spine_01,stalker_vs_spine,0.0,0,0,0,0.0
r2g_train_0483,stalker_vs_spine_01,stalker_vs_spine,0.0,0,0,0,0.0
r2g_train_0484,stalker_vs_spine_01,stalker_vs_spine,0.0,0,0,0,0.0
r2g_train_0485,stalker_vs_spine_01,stalker_vs_spine,0.0,0,0,0,0.0
r2g_train_0486,stalker_vs_spine_01,stalker_vs_spine,0.0,0,0,0,0.0
r2g_train_0487,stalker_vs_spine_01,stalker_vs_spine,0.0,0,0,0,0.0
r2g_train_0488,stalker_vs_spine_01,stalker_vs_spine,0.0,0,0,0,0.0
r2g_train_0489,stalker_vs_spine_01,stalker_vs_spine,0.0,0,0,0,0.0
r2g_train_0490,stalker_vs_spine_01,stalker_vs_spine,0.0,0,0,0,0.0
r2g_train_0491,stalker_vs_spine_01,stalker_vs_spine,0.0,0,0,0,0.0
r2g_train_0492,stalker_vs_spine_01,stalker_vs_spine,0.0,0,0,0,0.0
r2g_train_0493,stalker_vs_spine_02,stalker_vs_spine,0.0,0,0,0,0.0
r2g_train_0494,stalker_vs_spine_02,stalker_vs_spine,0.0,0,0,0,0.0
r2g_train_0495,stalker_vs_spine_02,stalker_vs_spine,0.0,0,0,0,0.0
r2g_train_0496,stalker_vs_spine_02,stalker_vs_spine,0.0,0,0,0,0.0
r2g_train_0497,stalker_vs_spine_02,stalker_vs_spine,0.0,0,0,0,0.0
r2g_train_0498,stalker_vs_spine_02,stalker_vs_spine,0.0,0,0,0,0.0
r2g_train_0499,stalker_vs_spine_02,stalker_vs_spine,0.0,0,0,0,0.0
r2g_train_0500,stalker_vs_spine_02,stalker_vs_spine,0.0,0,0,0,0.0
r2g_train_0501,stalker_vs_spine_02,stalker_vs_spine,0.0,0,0,0,0.0
r2g_train_0502,stalker_vs_spine_02,stalker_vs_spine,0.0,0,0,0,0.0
r2g_train_0503,stalker_vs_spine_02,stalker_vs_spine,0.0,0,0,0,0.0
r2g_train_0504,stalker_vs_spine_02,stalker_vs_spine,0.0,0,0,0,0.0
r2g_train_0505,stalker_vs_spine_03,stalker_vs_spine,0.335498,0,0,0,0.335498
r2g_train_0506,stalker_vs_spine_03,stalker_vs_spine,0.335498,0,0,0,0.335498
r2g_train_0507,stalker_vs_spine_03,stalker_vs_spine,0.335498,0,0,0,0.335498
r2g_train_0508,stalker_vs_spine_03,stalker_vs_spine,0.335498,0,0,0,0.335498
r2g_train_0509,stalker_vs_spine_03,stalker_vs_spine,0.335498,0,0,0,0.335498
r2g_train_0510,stalker_vs_spine_03,stalker_vs_spine,0.335498,0,0,0,0.335498
r2g_train_0511,stalker_vs_spine_03,stalker_vs_spine,0.335498,0,0,0,0.335498
r2g_train_0512,stalker_vs_spine_03,stalker_vs_spine,0.335498,0,0,0,0.335498
r2g_train_0513,stalker_vs_spine_03,stalker_vs_spine,0.335498,0,0,0,0.335498
r2g_train_0514,stalker_vs_spine_03,stalker_vs_spine,0.335498,0,0,0,0.335498
r2g_train_0515,stalker_vs_spine_03,stalker_vs_spine,0.335498,0,0,0,0.335498
r2g_train_0516,stalker_vs_spine_03,stalker_vs_spine,0.335498,0,0,0,0.335498
r2g_train_0517,stalker_vs_spine_04,stalker_vs_spine,0.227273,0,0,0,0.227273
r2g_train_0518,stalker_vs_spine_04,stalker_vs_spine,0.227273,0,0,0,0.227273
r2g_train_0519,stalker_vs_spine_04,stalker_vs_spine,0.227273,0,0,0,0.227273
r2g_train_0520,stalker_vs_spine_04,stalker_vs_spine,0.227273,0,0,0,0.227273
r2g_train_0521,stalker_vs_spine_04,stalker_vs_spine,0.227273,0,0,0,0.227273
r2g_train_0522,stalker_vs_spine_04,stalker_vs_spine,0.227273,0,0,0,0.227273
r2g_train_0523,stalker_vs_spine_04,stalker_vs_spine,0.227273,0,0,0,0.227273
r2g_train_0524,stalker_vs_spine_04,stalker_vs_spine,0.227273,0,0,0,0.227273
r2g_train_0525,stalker_vs_spine_04,stalker_vs_spine,0.227273,0,0,0,0.227273
r2g_train_0526,stalker_vs_spine_04,stalker_vs_spine,0.227273,0,0,0,0.227273
r2g_train_0527,stalker_vs_spine_04,stalker_vs_spine,0.227273,0,0,0,0.227273
r2g_train_0528,stalker_vs_spine_04,stalker_vs_spine,0.227273,0,0,0,0.227273
r2g_train_0529,stalker_vs_spine_05,stalker_vs_spine,0.162338,0,0,0,0.162338
r2g_train_0530,stalker_vs_spine_05,stalker_vs_spine,0.162338,0,0,0,0.162338
r2g_train_0531,stalker_vs_spine_05,stalker_vs_spine,0.162338,0,0,0,0.162338
r2g_train_0532,stalker_vs_spine_05,stalker_vs_spine,0.162338,0,0,0,0.162338
r2g_train_0533,stalker_vs_spine_05,stalker_vs_spine,0.162338,0,0,0,0.162338
r2g_train_0534,stalker_vs_spine_05,stalker_vs_spine,0.162338,0,0,0,0.162338
r2g_train_0535,stalker_vs_spine_05,stalker_vs_spine,0.162338,0,0,0,0.162338
r2g_train_0536,stalker_vs_spine_05,stalker_vs_spine,0.162338,0,0,0,0.162338
r2g_train_0537,stalker_vs_spine_05,stalker_vs_spine,0.162338,0,0,0,0.162338
r2g_train_0538,stalker_vs_spine_05,stalker_vs_spine,0.162338,0,0,0,0.162338
r2g_train_0539,stalker_vs_spine_05,stalker_vs_spine,0.162338,0,0,0,0.162338
r2g_train_0540,stalker_vs_spine_05,stalker_vs_spine,0.162338,0,0,0,0.162338
r2g_train_0541,zealot_colossus_vs_terran_01,zealot_colossus_vs_terran,0.0,0,0,0,0.0
r2g_train_0542,zealot_colossus_vs_terran_01,zealot_colossus_vs_terran,0.0,0,0,0,0.0
r2g_train_0543,zealot_colossus_vs_terran_01,zealot_colossus_vs_terran,0.0,0,0,0,0.0
r2g_train_0544,zealot_colossus_vs_terran_01,zealot_colossus_vs_terran,0.0,0,0,0,0.0
r2g_train_0545,zealot_colossus_vs_terran_01,zealot_colossus_vs_terran,0.0,0,0,0,0.0
r2g_train_0546,zealot_colossus_vs_terran_01,zealot_colossus_vs_terran,0.0,0,0,0,0.0
r2g_train_0547,zealot_colossus_vs_terran_01,zealot_colossus_vs_terran,0.0,0,0,0,0.0
r2g_train_0548,zealot_colossus_vs_terran_01,zealot_colossus_vs_terran,0.0,0,0,0,0.0
r2g_train_0549,zealot_colossus_vs_terran_01,zealot_colossus_vs_terran,0.0,0,0,0,0.0
r2g_train_0550,zealot_colossus_vs_terran_01,zealot_colossus_vs_terran,0.0,0,0,0,0.0
r2g_train_0551,zealot_colossus_vs_terran_01,zealot_colossus_vs_terran,0.0,0,0,0,0.0
r2g_train_0552,zealot_colossus_vs_terran_01,zealot_colossus_vs_terran,0.0,0,0,0,0.0
r2g_train_0553,zealot_colossus_vs_terran_02,zealot_colossus_vs_terran,0.0,0,0,0,0.0
r2g_train_0554,zealot_colossus_vs_terran_02,zealot_colossus_vs_terran,0.0,0,0,0,0.0
r2g_train_0555,zealot_colossus_vs_terran_02,zealot_colossus_vs_terran,0.0,0,0,0,0.0
r2g_train_0556,zealot_colossus_vs_terran_02,zealot_colossus_vs_terran,0.0,0,0,0,0.0
r2g_train_0557,zealot_colossus_vs_terran_02,zealot_colossus_vs_terran,0.0,0,0,0,0.0
r2g_train_0558,zealot_colossus_vs_terran_02,zealot_colossus_vs_terran,0.0,0,0,0,0.0
r2g_train_0559,zealot_colossus_vs_terran_02,zealot_colossus_vs_terran,0.0,0,0,0,0.0
r2g_train_0560,zealot_colossus_vs_terran_02,zealot_colossus_vs_terran,0.0,0,0,0,0.0
r2g_train_0561,zealot_colossus_vs_terran_02,zealot_colossus_vs_terran,0.0,0,0,0,0.0
r2g_train_0562,zealot_colossus_vs_terran_02,zealot_colossus_vs_terran,0.0,0,0,0,0.0
r2g_train_0563,zealot_colossus_vs_terran_02,zealot_colossus_vs_terran,0.0,0,0,0,0.0
r2g_train_0564,zealot_colossus_vs_terran_02,zealot_colossus_vs_terran,0.0,0,0,0,0.0
r2g_train_0565,zealot_colossus_vs_terran_03,zealot_colossus_vs_terran,0.0,0,0,0,0.0
r2g_train_0566,zealot_colossus_vs_terran_03,zealot_colossus_vs_terran,0.0,0,0,0,0.0
r2g_train_0567,zealot_colossus_vs_terran_03,zealot_colossus_vs_terran,0.0,0,0,0,0.0
r2g_train_0568,zealot_colossus_vs_terran_03,zealot_colossus_vs_terran,0.0,0,0,0,0.0
r2g_train_0569,zealot_colossus_vs_terran_03,zealot_colossus_vs_terran,0.0,0,0,0,0.0
r2g_train_0570,zealot_colossus_vs_terran_03,zealot_colossus_vs_terran,0.0,0,0,0,0.0
r2g_train_0571,zealot_colossus_vs_terran_03,zealot_colossus_vs_terran,0.0,0,0,0,0.0
r2g_train_0572,zealot_colossus_vs_terran_03,zealot_colossus_vs_terran,0.0,0,0,0,0.0
r2g_train_0573,zealot_colossus_vs_terran_03,zealot_colossus_vs_terran,0.0,0,0,0,0.0
r2g_train_0574,zealot_colossus_vs_terran_03,zealot_colossus_vs_terran,0.0,0,0,0,0.0
r2g_train_0575,zealot_colossus_vs_terran_03,zealot_colossus_vs_terran,0.0,0,0,0,0.0
r2g_train_0576,zealot_colossus_vs_terran_03,zealot_colossus_vs_terran,0.0,0,0,0,0.0
r2g_train_0577,zealot_colossus_vs_terran_04,zealot_colossus_vs_terran,0.0,0,0,0,0.0
r2g_train_0578,zealot_colossus_vs_terran_04,zealot_colossus_vs_terran,0.0,0,0,0,0.0
r2g_train_0579,zealot_colossus_vs_terran_04,zealot_colossus_vs_terran,0.0,0,0,0,0.0
r2g_train_0580,zealot_colossus_vs_terran_04,zealot_colossus_vs_terran,0.0,0,0,0,0.0
r2g_train_0581,zealot_colossus_vs_terran_04,zealot_colossus_vs_terran,0.0,0,0,0,0.0
r2g_train_0582,zealot_colossus_vs_terran_04,zealot_colossus_vs_terran,0.0,0,0,0,0.0
r2g_train_0583,zealot_colossus_vs_terran_04,zealot_colossus_vs_terran,0.0,0,0,0,0.0
r2g_train_0584,zealot_colossus_vs_terran_04,zealot_colossus_vs_terran,0.0,0,0,0,0.0
r2g_train_0585,zealot_colossus_vs_terran_04,zealot_colossus_vs_terran,0.0,0,0,0,0.0
r2g_train_0586,zealot_colossus_vs_terran_04,zealot_colossus_vs_terran,0.0,0,0,0,0.0
r2g_train_0587,zealot_colossus_vs_terran_04,zealot_colossus_vs_terran,0.0,0,0,0,0.0
r2g_train_0588,zealot_colossus_vs_terran_04,zealot_colossus_vs_terran,0.0,0,0,0,0.0
r2g_train_0589,zealot_colossus_vs_terran_05,zealot_colossus_vs_terran,0.0,0,0,0,0.0
r2g_train_0590,zealot_colossus_vs_terran_05,zealot_colossus_vs_terran,0.0,0,0,0,0.0
r2g_train_0591,zealot_colossus_vs_terran_05,zealot_colossus_vs_terran,0.0,0,0,0,0.0
r2g_train_0592,zealot_colossus_vs_terran_05,zealot_colossus_vs_terran,0.0,0,0,0,0.0
r2g_train_0593,zealot_colossus_vs_terran_05,zealot_colossus_vs_terran,0.0,0,0,0,0.0
r2g_train_0594,zealot_colossus_vs_terran_05,zealot_colossus_vs_terran,0.0,0,0,0,0.0
r2g_train_0595,zealot_colossus_vs_terran_05,zealot_colossus_vs_terran,0.0,0,0,0,0.0
r2g_train_0596,zealot_colossus_vs_terran_05,zealot_colossus_vs_terran,0.0,0,0,0,0.0
r2g_train_0597,zealot_colossus_vs_terran_05,zealot_colossus_vs_terran,0.0,0,0,0,0.0
r2g_train_0598,zealot_colossus_vs_terran_05,zealot_colossus_vs_terran,0.0,0,0,0,0.0
r2g_train_0599,zealot_colossus_vs_terran_05,zealot_colossus_vs_terran,0.0,0,0,0,0.0
r2g_train_0600,zealot_colossus_vs_terran_05,zealot_colossus_vs_terran,0.0,0,0,0,0.0
r2g_train_0601,gen_marauder_mirror_01,marauder_mirror,0.681818,0,0,0,0.681818
r2g_train_0602,gen_marauder_mirror_01,marauder_mirror,0.681818,0,0,0,0.681818
r2g_train_0603,gen_marauder_mirror_01,marauder_mirror,0.681818,0,0,0,0.681818
r2g_train_0604,gen_marauder_mirror_01,marauder_mirror,0.681818,0,0,0,0.681818
r2g_train_0605,gen_marauder_mirror_01,marauder_mirror,0.681818,0,0,0,0.681818
r2g_train_0606,gen_marauder_mirror_01,marauder_mirror,0.681818,0,0,0,0.681818
r2g_train_0607,gen_marauder_mirror_01,marauder_mirror,0.681818,0,0,0,0.681818
r2g_train_0608,gen_marauder_mirror_01,marauder_mirror,0.681818,0,0,0,0.681818
r2g_train_0609,gen_marauder_mirror_01,marauder_mirror,0.681818,0,0,0,0.681818
r2g_train_0610,gen_marauder_mirror_01,marauder_mirror,0.681818,0,0,0,0.681818
r2g_train_0611,gen_marauder_mirror_01,marauder_mirror,0.681818,0,0,0,0.681818
r2g_train_0612,gen_marauder_mirror_01,marauder_mirror,0.681818,0,0,0,0.681818
r2g_train_0613,gen_marauder_mirror_02,marauder_mirror,0.681818,0,0,0,0.681818
r2g_train_0614,gen_marauder_mirror_02,marauder_mirror,0.681818,0,0,0,0.681818
r2g_train_0615,gen_marauder_mirror_02,marauder_mirror,0.681818,0,0,0,0.681818
r2g_train_0616,gen_marauder_mirror_02,marauder_mirror,0.681818,0,0,0,0.681818
r2g_train_0617,gen_marauder_mirror_02,marauder_mirror,0.681818,0,0,0,0.681818
r2g_train_0618,gen_marauder_mirror_02,marauder_mirror,0.681818,0,0,0,0.681818
r2g_train_0619,gen_marauder_mirror_02,marauder_mirror,0.681818,0,0,0,0.681818
r2g_train_0620,gen_marauder_mirror_02,marauder_mirror,0.681818,0,0,0,0.681818
r2g_train_0621,gen_marauder_mirror_02,marauder_mirror,0.681818,0,0,0,0.681818
r2g_train_0622,gen_marauder_mirror_02,marauder_mirror,0.681818,0,0,0,0.681818
r2g_train_0623,gen_marauder_mirror_02,marauder_mirror,0.681818,0,0,0,0.681818
r2g_train_0624,gen_marauder_mirror_02,marauder_mirror,0.681818,0,0,0,0.681818
r2g_train_0625,gen_marauder_mirror_03,marauder_mirror,0.378788,0,0,0,0.378788
r2g_train_0626,gen_marauder_mirror_03,marauder_mirror,0.378788,0,0,0,0.378788
r2g_train_0627,gen_marauder_mirror_03,marauder_mirror,0.378788,0,0,0,0.378788
r2g_train_0628,gen_marauder_mirror_03,marauder_mirror,0.378788,0,0,0,0.378788
r2g_train_0629,gen_marauder_mirror_03,marauder_mirror,0.378788,0,0,0,0.378788
r2g_train_0630,gen_marauder_mirror_03,marauder_mirror,0.378788,0,0,0,0.378788
r2g_train_0631,gen_marauder_mirror_03,marauder_mirror,0.378788,0,0,0,0.378788
r2g_train_0632,gen_marauder_mirror_03,marauder_mirror,0.378788,0,0,0,0.378788
r2g_train_0633,gen_marauder_mirror_03,marauder_mirror,0.378788,0,0,0,0.378788
r2g_train_0634,gen_marauder_mirror_03,marauder_mirror,0.378788,0,0,0,0.378788
r2g_train_0635,gen_marauder_mirror_03,marauder_mirror,0.378788,0,0,0,0.378788
r2g_train_0636,gen_marauder_mirror_03,marauder_mirror,0.378788,0,0,0,0.378788
r2g_train_0637,gen_marauder_mirror_04,marauder_mirror,0.162338,0,0,0,0.162338
r2g_train_0638,gen_marauder_mirror_04,marauder_mirror,0.162338,0,0,0,0.162338
r2g_train_0639,gen_marauder_mirror_04,marauder_mirror,0.162338,0,0,0,0.162338
r2g_train_0640,gen_marauder_mirror_04,marauder_mirror,0.162338,0,0,0,0.162338
r2g_train_0641,gen_marauder_mirror_04,marauder_mirror,0.162338,0,0,0,0.162338
r2g_train_0642,gen_marauder_mirror_04,marauder_mirror,0.162338,0,0,0,0.162338
r2g_train_0643,gen_marauder_mirror_04,marauder_mirror,0.162338,0,0,0,0.162338
r2g_train_0644,gen_marauder_mirror_04,marauder_mirror,0.162338,0,0,0,0.162338
r2g_train_0645,gen_marauder_mirror_04,marauder_mirror,0.162338,0,0,0,0.162338
r2g_train_0646,gen_marauder_mirror_04,marauder_mirror,0.162338,0,0,0,0.162338
r2g_train_0647,gen_marauder_mirror_04,marauder_mirror,0.162338,0,0,0,0.162338
r2g_train_0648,gen_marauder_mirror_04,marauder_mirror,0.162338,0,0,0,0.162338
r2g_train_0649,gen_marauder_mirror_05,marauder_mirror,0.0,0,0,0,0.0
r2g_train_0650,gen_marauder_mirror_05,marauder_mirror,0.0,0,0,0,0.0
r2g_train_0651,gen_marauder_mirror_05,marauder_mirror,0.0,0,0,0,0.0
r2g_train_0652,gen_marauder_mirror_05,marauder_mirror,0.0,0,0,0,0.0
r2g_train_0653,gen_marauder_mirror_05,marauder_mirror,0.0,0,0,0,0.0
r2g_train_0654,gen_marauder_mirror_05,marauder_mirror,0.0,0,0,0,0.0
r2g_train_0655,gen_marauder_mirror_05,marauder_mirror,0.0,0,0,0,0.0
r2g_train_0656,gen_marauder_mirror_05,marauder_mirror,0.0,0,0,0,0.0
r2g_train_0657,gen_marauder_mirror_05,marauder_mirror,0.0,0,0,0,0.0
r2g_train_0658,gen_marauder_mirror_05,marauder_mirror,0.0,0,0,0,0.0
r2g_train_0659,gen_marauder_mirror_05,marauder_mirror,0.0,0,0,0,0.0
r2g_train_0660,gen_marauder_mirror_05,marauder_mirror,0.0,0,0,0,0.0
r2g_train_0661,gen_zealot_mirror_01,zealot_mirror,0.681818,0,0,0,0.681818
r2g_train_0662,gen_zealot_mirror_01,zealot_mirror,0.681818,0,0,0,0.681818
r2g_train_0663,gen_zealot_mirror_01,zealot_mirror,0.681818,0,0,0,0.681818
r2g_train_0664,gen_zealot_mirror_01,zealot_mirror,0.681818,0,0,0,0.681818
r2g_train_0665,gen_zealot_mirror_01,zealot_mirror,0.681818,0,0,0,0.681818
r2g_train_0666,gen_zealot_mirror_01,zealot_mirror,0.681818,0,0,0,0.681818
r2g_train_0667,gen_zealot_mirror_01,zealot_mirror,0.681818,0,0,0,0.681818
r2g_train_0668,gen_zealot_mirror_01,zealot_mirror,0.681818,0,0,0,0.681818
r2g_train_0669,gen_zealot_mirror_01,zealot_mirror,0.681818,0,0,0,0.681818
r2g_train_0670,gen_zealot_mirror_01,zealot_mirror,0.681818,0,0,0,0.681818
r2g_train_0671,gen_zealot_mirror_01,zealot_mirror,0.681818,0,0,0,0.681818
r2g_train_0672,gen_zealot_mirror_01,zealot_mirror,0.681818,0,0,0,0.681818
r2g_train_0673,gen_zealot_mirror_02,zealot_mirror,0.681818,0,0,0,0.681818
r2g_train_0674,gen_zealot_mirror_02,zealot_mirror,0.681818,0,0,0,0.681818
r2g_train_0675,gen_zealot_mirror_02,zealot_mirror,0.681818,0,0,0,0.681818
r2g_train_0676,gen_zealot_mirror_02,zealot_mirror,0.681818,0,0,0,0.681818
r2g_train_0677,gen_zealot_mirror_02,zealot_mirror,0.681818,0,0,0,0.681818
r2g_train_0678,gen_zealot_mirror_02,zealot_mirror,0.681818,0,0,0,0.681818
r2g_train_0679,gen_zealot_mirror_02,zealot_mirror,0.681818,0,0,0,0.681818
r2g_train_0680,gen_zealot_mirror_02,zealot_mirror,0.681818,0,0,0,0.681818
r2g_train_0681,gen_zealot_mirror_02,zealot_mirror,0.681818,0,0,0,0.681818
r2g_train_0682,gen_zealot_mirror_02,zealot_mirror,0.681818,0,0,0,0.681818
r2g_train_0683,gen_zealot_mirror_02,zealot_mirror,0.681818,0,0,0,0.681818
r2g_train_0684,gen_zealot_mirror_02,zealot_mirror,0.681818,0,0,0,0.681818
r2g_train_0685,gen_zealot_mirror_03,zealot_mirror,0.378788,0,0,0,0.378788
r2g_train_0686,gen_zealot_mirror_03,zealot_mirror,0.378788,0,0,0,0.378788
r2g_train_0687,gen_zealot_mirror_03,zealot_mirror,0.378788,0,0,0,0.378788
r2g_train_0688,gen_zealot_mirror_03,zealot_mirror,0.378788,0,0,0,0.378788
r2g_train_0689,gen_zealot_mirror_03,zealot_mirror,0.378788,0,0,0,0.378788
r2g_train_0690,gen_zealot_mirror_03,zealot_mirror,0.378788,0,0,0,0.378788
r2g_train_0691,gen_zealot_mirror_03,zealot_mirror,0.378788,0,0,0,0.378788
r2g_train_0692,gen_zealot_mirror_03,zealot_mirror,0.378788,0,0,0,0.378788
r2g_train_0693,gen_zealot_mirror_03,zealot_mirror,0.378788,0,0,0,0.378788
r2g_train_0694,gen_zealot_mirror_03,zealot_mirror,0.378788,0,0,0,0.378788
r2g_train_0695,gen_zealot_mirror_03,zealot_mirror,0.378788,0,0,0,0.378788
r2g_train_0696,gen_zealot_mirror_03,zealot_mirror,0.378788,0,0,0,0.378788
r2g_train_0697,gen_zealot_mirror_04,zealot_mirror,0.162338,0,0,0,0.162338
r2g_train_0698,gen_zealot_mirror_04,zealot_mirror,0.162338,0,0,0,0.162338
r2g_train_0699,gen_zealot_mirror_04,zealot_mirror,0.162338,0,0,0,0.162338
r2g_train_0700,gen_zealot_mirror_04,zealot_mirror,0.162338,0,0,0,0.162338
r2g_train_0701,gen_zealot_mirror_04,zealot_mirror,0.162338,0,0,0,0.162338
r2g_train_0702,gen_zealot_mirror_04,zealot_mirror,0.162338,0,0,0,0.162338
r2g_train_0703,gen_zealot_mirror_04,zealot_mirror,0.162338,0,0,0,0.162338
r2g_train_0704,gen_zealot_mirror_04,zealot_mirror,0.162338,0,0,0,0.162338
r2g_train_0705,gen_zealot_mirror_04,zealot_mirror,0.162338,0,0,0,0.162338
r2g_train_0706,gen_zealot_mirror_04,zealot_mirror,0.162338,0,0,0,0.162338
r2g_train_0707,gen_zealot_mirror_04,zealot_mirror,0.162338,0,0,0,0.162338
r2g_train_0708,gen_zealot_mirror_04,zealot_mirror,0.162338,0,0,0,0.162338
r2g_train_0709,gen_zealot_mirror_05,zealot_mirror,0.0,0,0,0,0.0
r2g_train_0710,gen_zealot_mirror_05,zealot_mirror,0.0,0,0,0,0.0
r2g_train_0711,gen_zealot_mirror_05,zealot_mirror,0.0,0,0,0,0.0
r2g_train_0712,gen_zealot_mirror_05,zealot_mirror,0.0,0,0,0,0.0
r2g_train_0713,gen_zealot_mirror_05,zealot_mirror,0.0,0,0,0,0.0
r2g_train_0714,gen_zealot_mirror_05,zealot_mirror,0.0,0,0,0,0.0
r2g_train_0715,gen_zealot_mirror_05,zealot_mirror,0.0,0,0,0,0.0
r2g_train_0716,gen_zealot_mirror_05,zealot_mirror,0.0,0,0,0,0.0
r2g_train_0717,gen_zealot_mirror_05,zealot_mirror,0.0,0,0,0,0.0
r2g_train_0718,gen_zealot_mirror_05,zealot_mirror,0.0,0,0,0,0.0
r2g_train_0719,gen_zealot_mirror_05,zealot_mirror,0.0,0,0,0,0.0
r2g_train_0720,gen_zealot_mirror_05,zealot_mirror,0.0,0,0,0,0.0
r2g_train_0721,gen_zergling_mirror_01,zergling_mirror,0.681818,0,0,0,0.681818
r2g_train_0722,gen_zergling_mirror_01,zergling_mirror,0.681818,0,0,0,0.681818
r2g_train_0723,gen_zergling_mirror_01,zergling_mirror,0.681818,0,0,0,0.681818
r2g_train_0724,gen_zergling_mirror_01,zergling_mirror,0.681818,0,0,0,0.681818
r2g_train_0725,gen_zergling_mirror_01,zergling_mirror,0.681818,0,0,0,0.681818
r2g_train_0726,gen_zergling_mirror_01,zergling_mirror,0.681818,0,0,0,0.681818
r2g_train_0727,gen_zergling_mirror_01,zergling_mirror,0.681818,0,0,0,0.681818
r2g_train_0728,gen_zergling_mirror_01,zergling_mirror,0.681818,0,0,0,0.681818
r2g_train_0729,gen_zergling_mirror_01,zergling_mirror,0.681818,0,0,0,0.681818
r2g_train_0730,gen_zergling_mirror_01,zergling_mirror,0.681818,0,0,0,0.681818
r2g_train_0731,gen_zergling_mirror_01,zergling_mirror,0.681818,0,0,0,0.681818
r2g_train_0732,gen_zergling_mirror_01,zergling_mirror,0.681818,0,0,0,0.681818
r2g_train_0733,gen_zergling_mirror_02,zergling_mirror,0.681818,0,0,0,0.681818
r2g_train_0734,gen_zergling_mirror_02,zergling_mirror,0.681818,0,0,0,0.681818
r2g_train_0735,gen_zergling_mirror_02,zergling_mirror,0.681818,0,0,0,0.681818
r2g_train_0736,gen_zergling_mirror_02,zergling_mirror,0.681818,0,0,0,0.681818
r2g_train_0737,gen_zergling_mirror_02,zergling_mirror,0.681818,0,0,0,0.681818
r2g_train_0738,gen_zergling_mirror_02,zergling_mirror,0.681818,0,0,0,0.681818
r2g_train_0739,gen_zergling_mirror_02,zergling_mirror,0.681818,0,0,0,0.681818
r2g_train_0740,gen_zergling_mirror_02,zergling_mirror,0.681818,0,0,0,0.681818
r2g_train_0741,gen_zergling_mirror_02,zergling_mirror,0.681818,0,0,0,0.681818
r2g_train_0742,gen_zergling_mirror_02,zergling_mirror,0.681818,0,0,0,0.681818
r2g_train_0743,gen_zergling_mirror_02,zergling_mirror,0.681818,0,0,0,0.681818
r2g_train_0744,gen_zergling_mirror_02,zergling_mirror,0.681818,0,0,0,0.681818
r2g_train_0745,gen_zergling_mirror_03,zergling_mirror,0.378788,0,0,0,0.378788
r2g_train_0746,gen_zergling_mirror_03,zergling_mirror,0.378788,0,0,0,0.378788
r2g_train_0747,gen_zergling_mirror_03,zergling_mirror,0.378788,0,0,0,0.378788
r2g_train_0748,gen_zergling_mirror_03,zergling_mirror,0.378788,0,0,0,0.378788
r2g_train_0749,gen_zergling_mirror_03,zergling_mirror,0.378788,0,0,0,0.378788
r2g_train_0750,gen_zergling_mirror_03,zergling_mirror,0.378788,0,0,0,0.378788
r2g_train_0751,gen_zergling_mirror_03,zergling_mirror,0.378788,0,0,0,0.378788
r2g_train_0752,gen_zergling_mirror_03,zergling_mirror,0.378788,0,0,0,0.378788
r2g_train_0753,gen_zergling_mirror_03,zergling_mirror,0.378788,0,0,0,0.378788
r2g_train_0754,gen_zergling_mirror_03,zergling_mirror,0.378788,0,0,0,0.378788
r2g_train_0755,gen_zergling_mirror_03,zergling_mirror,0.378788,0,0,0,0.378788
r2g_train_0756,gen_zergling_mirror_03,zergling_mirror,0.378788,0,0,0,0.378788
r2g_train_0757,gen_zergling_mirror_04,zergling_mirror,0.162338,0,0,0,0.162338
r2g_train_0758,gen_zergling_mirror_04,zergling_mirror,0.162338,0,0,0,0.162338
r2g_train_0759,gen_zergling_mirror_04,zergling_mirror,0.162338,0,0,0,0.162338
r2g_train_0760,gen_zergling_mirror_04,zergling_mirror,0.162338,0,0,0,0.162338
r2g_train_0761,gen_zergling_mirror_04,zergling_mirror,0.162338,0,0,0,0.162338
r2g_train_0762,gen_zergling_mirror_04,zergling_mirror,0.162338,0,0,0,0.162338
r2g_train_0763,gen_zergling_mirror_04,zergling_mirror,0.162338,0,0,0,0.162338
r2g_train_0764,gen_zergling_mirror_04,zergling_mirror,0.162338,0,0,0,0.162338
r2g_train_0765,gen_zergling_mirror_04,zergling_mirror,0.162338,0,0,0,0.162338
r2g_train_0766,gen_zergling_mirror_04,zergling_mirror,0.162338,0,0,0,0.162338
r2g_train_0767,gen_zergling_mirror_04,zergling_mirror,0.162338,0,0,0,0.162338
r2g_train_0768,gen_zergling_mirror_04,zergling_mirror,0.162338,0,0,0,0.162338
r2g_train_0769,gen_zergling_mirror_05,zergling_mirror,0.0,0,0,0,0.0
r2g_train_0770,gen_zergling_mirror_05,zergling_mirror,0.0,0,0,0,0.0
r2g_train_0771,gen_zergling_mirror_05,zergling_mirror,0.0,0,0,0,0.0
r2g_train_0772,gen_zergling_mirror_05,zergling_mirror,0.0,0,0,0,0.0
r2g_train_0773,gen_zergling_mirror_05,zergling_mirror,0.0,0,0,0,0.0
r2g_train_0774,gen_zergling_mirror_05,zergling_mirror,0.0,0,0,0,0.0
r2g_train_0775,gen_zergling_mirror_05,zergling_mirror,0.0,0,0,0,0.0
r2g_train_0776,gen_zergling_mirror_05,zergling_mirror,0.0,0,0,0,0.0
r2g_train_0777,gen_zergling_mirror_05,zergling_mirror,0.0,0,0,0,0.0
r2g_train_0778,gen_zergling_mirror_05,zergling_mirror,0.0,0,0,0,0.0
r2g_train_0779,gen_zergling_mirror_05,zergling_mirror,0.0,0,0,0,0.0
r2g_train_0780,gen_zergling_mirror_05,zergling_mirror,0.0,0,0,0,0.0
r2g_train_0781,gen_marine_vs_zergling_01,marine_vs_zergling,0.681818,0,0,0,0.681818
r2g_train_0782,gen_marine_vs_zergling_01,marine_vs_zergling,0.681818,0,0,0,0.681818
r2g_train_0783,gen_marine_vs_zergling_01,marine_vs_zergling,0.681818,0,0,0,0.681818
r2g_train_0784,gen_marine_vs_zergling_01,marine_vs_zergling,0.681818,0,0,0,0.681818
r2g_train_0785,gen_marine_vs_zergling_01,marine_vs_zergling,0.681818,0,0,0,0.681818
r2g_train_0786,gen_marine_vs_zergling_01,marine_vs_zergling,0.681818,0,0,0,0.681818
r2g_train_0787,gen_marine_vs_zergling_01,marine_vs_zergling,0.681818,0,0,0,0.681818
r2g_train_0788,gen_marine_vs_zergling_01,marine_vs_zergling,0.681818,0,0,0,0.681818
r2g_train_0789,gen_marine_vs_zergling_01,marine_vs_zergling,0.681818,0,0,0,0.681818
r2g_train_0790,gen_marine_vs_zergling_01,marine_vs_zergling,0.681818,0,0,0,0.681818
r2g_train_0791,gen_marine_vs_zergling_01,marine_vs_zergling,0.681818,0,0,0,0.681818
r2g_train_0792,gen_marine_vs_zergling_01,marine_vs_zergling,0.681818,0,0,0,0.681818
r2g_train_0793,gen_marine_vs_zergling_02,marine_vs_zergling,0.681818,0,0,0,0.681818
r2g_train_0794,gen_marine_vs_zergling_02,marine_vs_zergling,0.681818,0,0,0,0.681818
r2g_train_0795,gen_marine_vs_zergling_02,marine_vs_zergling,0.681818,0,0,0,0.681818
r2g_train_0796,gen_marine_vs_zergling_02,marine_vs_zergling,0.681818,0,0,0,0.681818
r2g_train_0797,gen_marine_vs_zergling_02,marine_vs_zergling,0.681818,0,0,0,0.681818
r2g_train_0798,gen_marine_vs_zergling_02,marine_vs_zergling,0.681818,0,0,0,0.681818
r2g_train_0799,gen_marine_vs_zergling_02,marine_vs_zergling,0.681818,0,0,0,0.681818
r2g_train_0800,gen_marine_vs_zergling_02,marine_vs_zergling,0.681818,0,0,0,0.681818
r2g_train_0801,gen_marine_vs_zergling_02,marine_vs_zergling,0.681818,0,0,0,0.681818
r2g_train_0802,gen_marine_vs_zergling_02,marine_vs_zergling,0.681818,0,0,0,0.681818
r2g_train_0803,gen_marine_vs_zergling_02,marine_vs_zergling,0.681818,0,0,0,0.681818
r2g_train_0804,gen_marine_vs_zergling_02,marine_vs_zergling,0.681818,0,0,0,0.681818
r2g_train_0805,gen_marine_vs_zergling_03,marine_vs_zergling,0.422078,0,0,0,0.422078
r2g_train_0806,gen_marine_vs_zergling_03,marine_vs_zergling,0.422078,0,0,0,0.422078
r2g_train_0807,gen_marine_vs_zergling_03,marine_vs_zergling,0.422078,0,0,0,0.422078
r2g_train_0808,gen_marine_vs_zergling_03,marine_vs_zergling,0.422078,0,0,0,0.422078
r2g_train_0809,gen_marine_vs_zergling_03,marine_vs_zergling,0.422078,0,0,0,0.422078
r2g_train_0810,gen_marine_vs_zergling_03,marine_vs_zergling,0.422078,0,0,0,0.422078
r2g_train_0811,gen_marine_vs_zergling_03,marine_vs_zergling,0.422078,0,0,0,0.422078
r2g_train_0812,gen_marine_vs_zergling_03,marine_vs_zergling,0.422078,0,0,0,0.422078
r2g_train_0813,gen_marine_vs_zergling_03,marine_vs_zergling,0.422078,0,0,0,0.422078
r2g_train_0814,gen_marine_vs_zergling_03,marine_vs_zergling,0.422078,0,0,0,0.422078
r2g_train_0815,gen_marine_vs_zergling_03,marine_vs_zergling,0.422078,0,0,0,0.422078
r2g_train_0816,gen_marine_vs_zergling_03,marine_vs_zergling,0.422078,0,0,0,0.422078
r2g_train_0817,gen_marine_vs_zergling_04,marine_vs_zergling,0.075758,0,0,0,0.075758
r2g_train_0818,gen_marine_vs_zergling_04,marine_vs_zergling,0.075758,0,0,0,0.075758
r2g_train_0819,gen_marine_vs_zergling_04,marine_vs_zergling,0.075758,0,0,0,0.075758
r2g_train_0820,gen_marine_vs_zergling_04,marine_vs_zergling,0.075758,0,0,0,0.075758
r2g_train_0821,gen_marine_vs_zergling_04,marine_vs_zergling,0.075758,0,0,0,0.075758
r2g_train_0822,gen_marine_vs_zergling_04,marine_vs_zergling,0.075758,0,0,0,0.075758
r2g_train_0823,gen_marine_vs_zergling_04,marine_vs_zergling,0.075758,0,0,0,0.075758
r2g_train_0824,gen_marine_vs_zergling_04,marine_vs_zergling,0.075758,0,0,0,0.075758
r2g_train_0825,gen_marine_vs_zergling_04,marine_vs_zergling,0.075758,0,0,0,0.075758
r2g_train_0826,gen_marine_vs_zergling_04,marine_vs_zergling,0.075758,0,0,0,0.075758
r2g_train_0827,gen_marine_vs_zergling_04,marine_vs_zergling,0.075758,0,0,0,0.075758
r2g_train_0828,gen_marine_vs_zergling_04,marine_vs_zergling,0.075758,0,0,0,0.075758
r2g_train_0829,gen_marine_vs_zergling_05,marine_vs_zergling,0.0,0,0,0,0.0
r2g_train_0830,gen_marine_vs_zergling_05,marine_vs_zergling,0.0,0,0,0,0.0
r2g_train_0831,gen_marine_vs_zergling_05,marine_vs_zergling,0.0,0,0,0,0.0
r2g_train_0832,gen_marine_vs_zergling_05,marine_vs_zergling,0.0,0,0,0,0.0
r2g_train_0833,gen_marine_vs_zergling_05,marine_vs_zergling,0.0,0,0,0,0.0
r2g_train_0834,gen_marine_vs_zergling_05,marine_vs_zergling,0.0,0,0,0,0.0
r2g_train_0835,gen_marine_vs_zergling_05,marine_vs_zergling,0.0,0,0,0,0.0
r2g_train_0836,gen_marine_vs_zergling_05,marine_vs_zergling,0.0,0,0,0,0.0
r2g_train_0837,gen_marine_vs_zergling_05,marine_vs_zergling,0.0,0,0,0,0.0
r2g_train_0838,gen_marine_vs_zergling_05,marine_vs_zergling,0.0,0,0,0,0.0
r2g_train_0839,gen_marine_vs_zergling_05,marine_vs_zergling,0.0,0,0,0,0.0
r2g_train_0840,gen_marine_vs_zergling_05,marine_vs_zergling,0.0,0,0,0,0.0
r2g_train_0841,gen_stalker_vs_marine_01,stalker_vs_marine,0.681818,0,0,0,0.681818
r2g_train_0842,gen_stalker_vs_marine_01,stalker_vs_marine,0.681818,0,0,0,0.681818
r2g_train_0843,gen_stalker_vs_marine_01,stalker_vs_marine,0.681818,0,0,0,0.681818
r2g_train_0844,gen_stalker_vs_marine_01,stalker_vs_marine,0.681818,0,0,0,0.681818
r2g_train_0845,gen_stalker_vs_marine_01,stalker_vs_marine,0.681818,0,0,0,0.681818
r2g_train_0846,gen_stalker_vs_marine_01,stalker_vs_marine,0.681818,0,0,0,0.681818
r2g_train_0847,gen_stalker_vs_marine_01,stalker_vs_marine,0.681818,0,0,0,0.681818
r2g_train_0848,gen_stalker_vs_marine_01,stalker_vs_marine,0.681818,0,0,0,0.681818
r2g_train_0849,gen_stalker_vs_marine_01,stalker_vs_marine,0.681818,0,0,0,0.681818
r2g_train_0850,gen_stalker_vs_marine_01,stalker_vs_marine,0.681818,0,0,0,0.681818
r2g_train_0851,gen_stalker_vs_marine_01,stalker_vs_marine,0.681818,0,0,0,0.681818
r2g_train_0852,gen_stalker_vs_marine_01,stalker_vs_marine,0.681818,0,0,0,0.681818
r2g_train_0853,gen_stalker_vs_marine_02,stalker_vs_marine,0.551948,0,0,0,0.551948
r2g_train_0854,gen_stalker_vs_marine_02,stalker_vs_marine,0.551948,0,0,0,0.551948
r2g_train_0855,gen_stalker_vs_marine_02,stalker_vs_marine,0.551948,0,0,0,0.551948
r2g_train_0856,gen_stalker_vs_marine_02,stalker_vs_marine,0.551948,0,0,0,0.551948
r2g_train_0857,gen_stalker_vs_marine_02,stalker_vs_marine,0.551948,0,0,0,0.551948
r2g_train_0858,gen_stalker_vs_marine_02,stalker_vs_marine,0.551948,0,0,0,0.551948
r2g_train_0859,gen_stalker_vs_marine_02,stalker_vs_marine,0.551948,0,0,0,0.551948
r2g_train_0860,gen_stalker_vs_marine_02,stalker_vs_marine,0.551948,0,0,0,0.551948
r2g_train_0861,gen_stalker_vs_marine_02,stalker_vs_marine,0.551948,0,0,0,0.551948
r2g_train_0862,gen_stalker_vs_marine_02,stalker_vs_marine,0.551948,0,0,0,0.551948
r2g_train_0863,gen_stalker_vs_marine_02,stalker_vs_marine,0.551948,0,0,0,0.551948
r2g_train_0864,gen_stalker_vs_marine_02,stalker_vs_marine,0.551948,0,0,0,0.551948
r2g_train_0865,gen_stalker_vs_marine_03,stalker_vs_marine,0.479798,0,0,0,0.479798
r2g_train_0866,gen_stalker_vs_marine_03,stalker_vs_marine,0.479798,0,0,0,0.479798
r2g_train_0867,gen_stalker_vs_marine_03,stalker_vs_marine,0.479798,0,0,0,0.479798
r2g_train_0868,gen_stalker_vs_marine_03,stalker_vs_marine,0.479798,0,0,0,0.479798
r2g_train_0869,gen_stalker_vs_marine_03,stalker_vs_marine,0.479798,0,0,0,0.479798
r2g_train_0870,gen_stalker_vs_marine_03,stalker_vs_marine,0.479798,0,0,0,0.479798
r2g_train_0871,gen_stalker_vs_marine_03,stalker_vs_marine,0.479798,0,0,0,0.479798
r2g_train_0872,gen_stalker_vs_marine_03,stalker_vs_marine,0.479798,0,0,0,0.479798
r2g_train_0873,gen_stalker_vs_marine_03,stalker_vs_marine,0.479798,0,0,0,0.479798
r2g_train_0874,gen_stalker_vs_marine_03,stalker_vs_marine,0.479798,0,0,0,0.479798
r2g_train_0875,gen_stalker_vs_marine_03,stalker_vs_marine,0.479798,0,0,0,0.479798
r2g_train_0876,gen_stalker_vs_marine_03,stalker_vs_marine,0.479798,0,0,0,0.479798
r2g_train_0877,gen_stalker_vs_marine_04,stalker_vs_marine,0.227273,0,0,0,0.227273
r2g_train_0878,gen_stalker_vs_marine_04,stalker_vs_marine,0.227273,0,0,0,0.227273
r2g_train_0879,gen_stalker_vs_marine_04,stalker_vs_marine,0.227273,0,0,0,0.227273
r2g_train_0880,gen_stalker_vs_marine_04,stalker_vs_marine,0.227273,0,0,0,0.227273
r2g_train_0881,gen_stalker_vs_marine_04,stalker_vs_marine,0.227273,0,0,0,0.227273
r2g_train_0882,gen_stalker_vs_marine_04,stalker_vs_marine,0.227273,0,0,0,0.227273
r2g_train_0883,gen_stalker_vs_marine_04,stalker_vs_marine,0.227273,0,0,0,0.227273
r2g_train_0884,gen_stalker_vs_marine_04,stalker_vs_marine,0.227273,0,0,0,0.227273
r2g_train_0885,gen_stalker_vs_marine_04,stalker_vs_marine,0.227273,0,0,0,0.227273
r2g_train_0886,gen_stalker_vs_marine_04,stalker_vs_marine,0.227273,0,0,0,0.227273
r2g_train_0887,gen_stalker_vs_marine_04,stalker_vs_marine,0.227273,0,0,0,0.227273
r2g_train_0888,gen_stalker_vs_marine_04,stalker_vs_marine,0.227273,0,0,0,0.227273
r2g_train_0889,gen_stalker_vs_marine_05,stalker_vs_marine,0.0,0,0,0,0.0
r2g_train_0890,gen_stalker_vs_marine_05,stalker_vs_marine,0.0,0,0,0,0.0
r2g_train_0891,gen_stalker_vs_marine_05,stalker_vs_marine,0.0,0,0,0,0.0
r2g_train_0892,gen_stalker_vs_marine_05,stalker_vs_marine,0.0,0,0,0,0.0
r2g_train_0893,gen_stalker_vs_marine_05,stalker_vs_marine,0.0,0,0,0,0.0
r2g_train_0894,gen_stalker_vs_marine_05,stalker_vs_marine,0.0,0,0,0,0.0
r2g_train_0895,gen_stalker_vs_marine_05,stalker_vs_marine,0.0,0,0,0,0.0
r2g_train_0896,gen_stalker_vs_marine_05,stalker_vs_marine,0.0,0,0,0,0.0
r2g_train_0897,gen_stalker_vs_marine_05,stalker_vs_marine,0.0,0,0,0,0.0
r2g_train_0898,gen_stalker_vs_marine_05,stalker_vs_marine,0.0,0,0,0,0.0
r2g_train_0899,gen_stalker_vs_marine_05,stalker_vs_marine,0.0,0,0,0,0.0
r2g_train_0900,gen_stalker_vs_marine_05,stalker_vs_marine,0.0,0,0,0,0.0
r2g_train_0901,gen_marauder_vs_zealot_01,marauder_vs_zealot,0.681818,0,0,0,0.681818
r2g_train_0902,gen_marauder_vs_zealot_01,marauder_vs_zealot,0.681818,0,0,0,0.681818
r2g_train_0903,gen_marauder_vs_zealot_01,marauder_vs_zealot,0.681818,0,0,0,0.681818
r2g_train_0904,gen_marauder_vs_zealot_01,marauder_vs_zealot,0.681818,0,0,0,0.681818
r2g_train_0905,gen_marauder_vs_zealot_01,marauder_vs_zealot,0.681818,0,0,0,0.681818
r2g_train_0906,gen_marauder_vs_zealot_01,marauder_vs_zealot,0.681818,0,0,0,0.681818
r2g_train_0907,gen_marauder_vs_zealot_01,marauder_vs_zealot,0.681818,0,0,0,0.681818
r2g_train_0908,gen_marauder_vs_zealot_01,marauder_vs_zealot,0.681818,0,0,0,0.681818
r2g_train_0909,gen_marauder_vs_zealot_01,marauder_vs_zealot,0.681818,0,0,0,0.681818
r2g_train_0910,gen_marauder_vs_zealot_01,marauder_vs_zealot,0.681818,0,0,0,0.681818
r2g_train_0911,gen_marauder_vs_zealot_01,marauder_vs_zealot,0.681818,0,0,0,0.681818
r2g_train_0912,gen_marauder_vs_zealot_01,marauder_vs_zealot,0.681818,0,0,0,0.681818
r2g_train_0913,gen_marauder_vs_zealot_02,marauder_vs_zealot,0.681818,0,0,0,0.681818
r2g_train_0914,gen_marauder_vs_zealot_02,marauder_vs_zealot,0.681818,0,0,0,0.681818
r2g_train_0915,gen_marauder_vs_zealot_02,marauder_vs_zealot,0.681818,0,0,0,0.681818
r2g_train_0916,gen_marauder_vs_zealot_02,marauder_vs_zealot,0.681818,0,0,0,0.681818
r2g_train_0917,gen_marauder_vs_zealot_02,marauder_vs_zealot,0.681818,0,0,0,0.681818
r2g_train_0918,gen_marauder_vs_zealot_02,marauder_vs_zealot,0.681818,0,0,0,0.681818
r2g_train_0919,gen_marauder_vs_zealot_02,marauder_vs_zealot,0.681818,0,0,0,0.681818
r2g_train_0920,gen_marauder_vs_zealot_02,marauder_vs_zealot,0.681818,0,0,0,0.681818
r2g_train_0921,gen_marauder_vs_zealot_02,marauder_vs_zealot,0.681818,0,0,0,0.681818
r2g_train_0922,gen_marauder_vs_zealot_02,marauder_vs_zealot,0.681818,0,0,0,0.681818
r2g_train_0923,gen_marauder_vs_zealot_02,marauder_vs_zealot,0.681818,0,0,0,0.681818
r2g_train_0924,gen_marauder_vs_zealot_02,marauder_vs_zealot,0.681818,0,0,0,0.681818
r2g_train_0925,gen_marauder_vs_zealot_03,marauder_vs_zealot,0.378788,0,0,0,0.378788
r2g_train_0926,gen_marauder_vs_zealot_03,marauder_vs_zealot,0.378788,0,0,0,0.378788
r2g_train_0927,gen_marauder_vs_zealot_03,marauder_vs_zealot,0.378788,0,0,0,0.378788
r2g_train_0928,gen_marauder_vs_zealot_03,marauder_vs_zealot,0.378788,0,0,0,0.378788
r2g_train_0929,gen_marauder_vs_zealot_03,marauder_vs_zealot,0.378788,0,0,0,0.378788
r2g_train_0930,gen_marauder_vs_zealot_03,marauder_vs_zealot,0.378788,0,0,0,0.378788
r2g_train_0931,gen_marauder_vs_zealot_03,marauder_vs_zealot,0.378788,0,0,0,0.378788
r2g_train_0932,gen_marauder_vs_zealot_03,marauder_vs_zealot,0.378788,0,0,0,0.378788
r2g_train_0933,gen_marauder_vs_zealot_03,marauder_vs_zealot,0.378788,0,0,0,0.378788
r2g_train_0934,gen_marauder_vs_zealot_03,marauder_vs_zealot,0.378788,0,0,0,0.378788
r2g_train_0935,gen_marauder_vs_zealot_03,marauder_vs_zealot,0.378788,0,0,0,0.378788
r2g_train_0936,gen_marauder_vs_zealot_03,marauder_vs_zealot,0.378788,0,0,0,0.378788
r2g_train_0937,gen_marauder_vs_zealot_04,marauder_vs_zealot,0.162338,0,0,0,0.162338
r2g_train_0938,gen_marauder_vs_zealot_04,marauder_vs_zealot,0.162338,0,0,0,0.162338
r2g_train_0939,gen_marauder_vs_zealot_04,marauder_vs_zealot,0.162338,0,0,0,0.162338
r2g_train_0940,gen_marauder_vs_zealot_04,marauder_vs_zealot,0.162338,0,0,0,0.162338
r2g_train_0941,gen_marauder_vs_zealot_04,marauder_vs_zealot,0.162338,0,0,0,0.162338
r2g_train_0942,gen_marauder_vs_zealot_04,marauder_vs_zealot,0.162338,0,0,0,0.162338
r2g_train_0943,gen_marauder_vs_zealot_04,marauder_vs_zealot,0.162338,0,0,0,0.162338
r2g_train_0944,gen_marauder_vs_zealot_04,marauder_vs_zealot,0.162338,0,0,0,0.162338
r2g_train_0945,gen_marauder_vs_zealot_04,marauder_vs_zealot,0.162338,0,0,0,0.162338
r2g_train_0946,gen_marauder_vs_zealot_04,marauder_vs_zealot,0.162338,0,0,0,0.162338
r2g_train_0947,gen_marauder_vs_zealot_04,marauder_vs_zealot,0.162338,0,0,0,0.162338
r2g_train_0948,gen_marauder_vs_zealot_04,marauder_vs_zealot,0.162338,0,0,0,0.162338
r2g_train_0949,gen_marauder_vs_zealot_05,marauder_vs_zealot,0.0,0,0,0,0.0
r2g_train_0950,gen_marauder_vs_zealot_05,marauder_vs_zealot,0.0,0,0,0,0.0
r2g_train_0951,gen_marauder_vs_zealot_05,marauder_vs_zealot,0.0,0,0,0,0.0
r2g_train_0952,gen_marauder_vs_zealot_05,marauder_vs_zealot,0.0,0,0,0,0.0
r2g_train_0953,gen_marauder_vs_zealot_05,marauder_vs_zealot,0.0,0,0,0,0.0
r2g_train_0954,gen_marauder_vs_zealot_05,marauder_vs_zealot,0.0,0,0,0,0.0
r2g_train_0955,gen_marauder_vs_zealot_05,marauder_vs_zealot,0.0,0,0,0,0.0
r2g_train_0956,gen_marauder_vs_zealot_05,marauder_vs_zealot,0.0,0,0,0,0.0
r2g_train_0957,gen_marauder_vs_zealot_05,marauder_vs_zealot,0.0,0,0,0,0.0
r2g_train_0958,gen_marauder_vs_zealot_05,marauder_vs_zealot,0.0,0,0,0,0.0
r2g_train_0959,gen_marauder_vs_zealot_05,marauder_vs_zealot,0.0,0,0,0,0.0
r2g_train_0960,gen_marauder_vs_zealot_05,marauder_vs_zealot,0.0,0,0,0,0.0
r2g_train_0961,gen_swarm_vs_bio_01,swarm_vs_bio,0.681818,0,0,0,0.681818
r2g_train_0962,gen_swarm_vs_bio_01,swarm_vs_bio,0.681818,0,0,0,0.681818
r2g_train_0963,gen_swarm_vs_bio_01,swarm_vs_bio,0.681818,0,0,0,0.681818
r2g_train_0964,gen_swarm_vs_bio_01,swarm_vs_bio,0.681818,0,0,0,0.681818
r2g_train_0965,gen_swarm_vs_bio_01,swarm_vs_bio,0.681818,0,0,0,0.681818
r2g_train_0966,gen_swarm_vs_bio_01,swarm_vs_bio,0.681818,0,0,0,0.681818
r2g_train_0967,gen_swarm_vs_bio_01,swarm_vs_bio,0.681818,0,0,0,0.681818
r2g_train_0968,gen_swarm_vs_bio_01,swarm_vs_bio,0.681818,0,0,0,0.681818
r2g_train_0969,gen_swarm_vs_bio_01,swarm_vs_bio,0.681818,0,0,0,0.681818
r2g_train_0970,gen_swarm_vs_bio_01,swarm_vs_bio,0.681818,0,0,0,0.681818
r2g_train_0971,gen_swarm_vs_bio_01,swarm_vs_bio,0.681818,0,0,0,0.681818
r2g_train_0972,gen_swarm_vs_bio_01,swarm_vs_bio,0.681818,0,0,0,0.681818
r2g_train_0973,gen_swarm_vs_bio_02,swarm_vs_bio,0.681818,0,0,0,0.681818
r2g_train_0974,gen_swarm_vs_bio_02,swarm_vs_bio,0.681818,0,0,0,0.681818
r2g_train_0975,gen_swarm_vs_bio_02,swarm_vs_bio,0.681818,0,0,0,0.681818
r2g_train_0976,gen_swarm_vs_bio_02,swarm_vs_bio,0.681818,0,0,0,0.681818
r2g_train_0977,gen_swarm_vs_bio_02,swarm_vs_bio,0.681818,0,0,0,0.681818
r2g_train_0978,gen_swarm_vs_bio_02,swarm_vs_bio,0.681818,0,0,0,0.681818
r2g_train_0979,gen_swarm_vs_bio_02,swarm_vs_bio,0.681818,0,0,0,0.681818
r2g_train_0980,gen_swarm_vs_bio_02,swarm_vs_bio,0.681818,0,0,0,0.681818
r2g_train_0981,gen_swarm_vs_bio_02,swarm_vs_bio,0.681818,0,0,0,0.681818
r2g_train_0982,gen_swarm_vs_bio_02,swarm_vs_bio,0.681818,0,0,0,0.681818
r2g_train_0983,gen_swarm_vs_bio_02,swarm_vs_bio,0.681818,0,0,0,0.681818
r2g_train_0984,gen_swarm_vs_bio_02,swarm_vs_bio,0.681818,0,0,0,0.681818
r2g_train_0985,gen_swarm_vs_bio_03,swarm_vs_bio,0.5,0,0,0,0.5
r2g_train_0986,gen_swarm_vs_bio_03,swarm_vs_bio,0.5,0,0,0,0.5
r2g_train_0987,gen_swarm_vs_bio_03,swarm_vs_bio,0.5,0,0,0,0.5
r2g_train_0988,gen_swarm_vs_bio_03,swarm_vs_bio,0.5,0,0,0,0.5
r2g_train_0989,gen_swarm_vs_bio_03,swarm_vs_bio,0.5,0,0,0,0.5
r2g_train_0990,gen_swarm_vs_bio_03,swarm_vs_bio,0.5,0,0,0,0.5
r2g_train_0991,gen_swarm_vs_bio_03,swarm_vs_bio,0.5,0,0,0,0.5
r2g_train_0992,gen_swarm_vs_bio_03,swarm_vs_bio,0.5,0,0,0,0.5
r2g_train_0993,gen_swarm_vs_bio_03,swarm_vs_bio,0.5,0,0,0,0.5
r2g_train_0994,gen_swarm_vs_bio_03,swarm_vs_bio,0.5,0,0,0,0.5
r2g_train_0995,gen_swarm_vs_bio_03,swarm_vs_bio,0.5,0,0,0,0.5
r2g_train_0996,gen_swarm_vs_bio_03,swarm_vs_bio,0.5,0,0,0,0.5
r2g_train_0997,gen_swarm_vs_bio_04,swarm_vs_bio,0.136364,0,0,0,0.136364
r2g_train_0998,gen_swarm_vs_bio_04,swarm_vs_bio,0.136364,0,0,0,0.136364
r2g_train_0999,gen_swarm_vs_bio_04,swarm_vs_bio,0.136364,0,0,0,0.136364
r2g_train_1000,gen_swarm_vs_bio_04,swarm_vs_bio,0.136364,0,0,0,0.136364
r2g_train_1001,gen_swarm_vs_bio_04,swarm_vs_bio,0.136364,0,0,0,0.136364
r2g_train_1002,gen_swarm_vs_bio_04,swarm_vs_bio,0.136364,0,0,0,0.136364
r2g_train_1003,gen_swarm_vs_bio_04,swarm_vs_bio,0.136364,0,0,0,0.136364
r2g_train_1004,gen_swarm_vs_bio_04,swarm_vs_bio,0.136364,0,0,0,0.136364
r2g_train_1005,gen_swarm_vs_bio_04,swarm_vs_bio,0.136364,0,0,0,0.136364
r2g_train_1006,gen_swarm_vs_bio_04,swarm_vs_bio,0.136364,0,0,0,0.136364
r2g_train_1007,gen_swarm_vs_bio_04,swarm_vs_bio,0.136364,0,0,0,0.136364
r2g_train_1008,gen_swarm_vs_bio_04,swarm_vs_bio,0.136364,0,0,0,0.136364
r2g_train_1009,gen_swarm_vs_bio_05,swarm_vs_bio,0.0,0,0,0,0.0
r2g_train_1010,gen_swarm_vs_bio_05,swarm_vs_bio,0.0,0,0,0,0.0
r2g_train_1011,gen_swarm_vs_bio_05,swarm_vs_bio,0.0,0,0,0,0.0
r2g_train_1012,gen_swarm_vs_bio_05,swarm_vs_bio,0.0,0,0,0,0.0
r2g_train_1013,gen_swarm_vs_bio_05,swarm_vs_bio,0.0,0,0,0,0.0
r2g_train_1014,gen_swarm_vs_bio_05,swarm_vs_bio,0.0,0,0,0,0.0
r2g_train_1015,gen_swarm_vs_bio_05,swarm_vs_bio,0.0,0,0,0,0.0
r2g_train_1016,gen_swarm_vs_bio_05,swarm_vs_bio,0.0,0,0,0,0.0
r2g_train_1017,gen_swarm_vs_bio_05,swarm_vs_bio,0.0,0,0,0,0.0
r2g_train_1018,gen_swarm_vs_bio_05,swarm_vs_bio,0.0,0,0,0,0.0
r2g_train_1019,gen_swarm_vs_bio_05,swarm_vs_bio,0.0,0,0,0,0.0
r2g_train_1020,gen_swarm_vs_bio_05,swarm_vs_bio,0.0,0,0,0,0.0
r2g_train_1021,gen_bio_vs_stalker_zealot_01,bio_vs_stalker_zealot,0.821678,0,0,0,0.821678
r2g_train_1022,gen_bio_vs_stalker_zealot_01,bio_vs_stalker_zealot,0.821678,0,0,0,0.821678
r2g_train_1023,gen_bio_vs_stalker_zealot_01,bio_vs_stalker_zealot,0.821678,0,0,0,0.821678
r2g_train_1024,gen_bio_vs_stalker_zealot_01,bio_vs_stalker_zealot,0.821678,0,0,0,0.821678
r2g_train_1025,gen_bio_vs_stalker_zealot_01,bio_vs_stalker_zealot,0.821678,0,0,0,0.821678
r2g_train_1026,gen_bio_vs_stalker_zealot_01,bio_vs_stalker_zealot,0.821678,0,0,0,0.821678
r2g_train_1027,gen_bio_vs_stalker_zealot_01,bio_vs_stalker_zealot,0.821678,0,0,0,0.821678
r2g_train_1028,gen_bio_vs_stalker_zealot_01,bio_vs_stalker_zealot,0.821678,0,0,0,0.821678
r2g_train_1029,gen_bio_vs_stalker_zealot_01,bio_vs_stalker_zealot,0.821678,0,0,0,0.821678
r2g_train_1030,gen_bio_vs_stalker_zealot_01,bio_vs_stalker_zealot,0.821678,0,0,0,0.821678
r2g_train_1031,gen_bio_vs_stalker_zealot_01,bio_vs_stalker_zealot,0.821678,0,0,0,0.821678
r2g_train_1032,gen_bio_vs_stalker_zealot_01,bio_vs_stalker_zealot,0.821678,0,0,0,0.821678
r2g_train_1033,gen_bio_vs_stalker_zealot_02,bio_vs_stalker_zealot,0.586124,0,0,0,0.586124
r2g_train_1034,gen_bio_vs_stalker_zealot_02,bio_vs_stalker_zealot,0.586124,0,0,0,0.586124
r2g_train_1035,gen_bio_vs_stalker_zealot_02,bio_vs_stalker_zealot,0.586124,0,0,0,0.586124
r2g_train_1036,gen_bio_vs_stalker_zealot_02,bio_vs_stalker_zealot,0.586124,0,0,0,0.586124
r2g_train_1037,gen_bio_vs_stalker_zealot_02,bio_vs_stalker_zealot,0.586124,0,0,0,0.586124
r2g_train_1038,gen_bio_vs_stalker_zealot_02,bio_vs_stalker_zealot,0.586124,0,0,0,0.586124
r2g_train_1039,gen_bio_vs_stalker_zealot_02,bio_vs_stalker_zealot,0.586124,0,0,0,0.586124
r2g_train_1040,gen_bio_vs_stalker_zealot_02,bio_vs_stalker_zealot,0.586124,0,0,0,0.586124
r2g_train_1041,gen_bio_vs_stalker_zealot_02,bio_vs_stalker_zealot,0.586124,0,0,0,0.586124
r2g_train_1042,gen_bio_vs_stalker_zealot_02,bio_vs_stalker_zealot,0.586124,0,0,0,0.586124
r2g_train_1043,gen_bio_vs_stalker_zealot_02,bio_vs_stalker_zealot,0.586124,0,0,0,0.586124
r2g_train_1044,gen_bio_vs_stalker_zealot_02,bio_vs_stalker_zealot,0.586124,0,0,0,0.586124
r2g_train_1045,gen_bio_vs_stalker_zealot_03,bio_vs_stalker_zealot,0.394737,0,0,0,0.394737
r2g_train_1046,gen_bio_vs_stalker_zealot_03,bio_vs_stalker_zealot,0.394737,0,0,0,0.394737
r2g_train_1047,gen_bio_vs_stalker_zealot_03,bio_vs_stalker_zealot,0.394737,0,0,0,0.394737
r2g_train_1048,gen_bio_vs_stalker_zealot_03,bio_vs_stalker_zealot,0.394737,0,0,0,0.394737
r2g_train_1049,gen_bio_vs_stalker_zealot_03,bio_vs_stalker_zealot,0.394737,0,0,0,0.394737
r2g_train_1050,gen_bio_vs_stalker_zealot_03,bio_vs_stalker_zealot,0.394737,0,0,0,0.394737
r2g_train_1051,gen_bio_vs_stalker_zealot_03,bio_vs_stalker_zealot,0.394737,0,0,0,0.394737
r2g_train_1052,gen_bio_vs_stalker_zealot_03,bio_vs_stalker_zealot,0.394737,0,0,0,0.394737
r2g_train_1053,gen_bio_vs_stalker_zealot_03,bio_vs_stalker_zealot,0.394737,0,0,0,0.394737
r2g_train_1054,gen_bio_vs_stalker_zealot_03,bio_vs_stalker_zealot,0.394737,0,0,0,0.394737
r2g_train_1055,gen_bio_vs_stalker_zealot_03,bio_vs_stalker_zealot,0.394737,0,0,0,0.394737
r2g_train_1056,gen_bio_vs_stalker_zealot_03,bio_vs_stalker_zealot,0.394737,0,0,0,0.394737
r2g_train_1057,gen_bio_vs_stalker_zealot_04,bio_vs_stalker_zealot,0.075758,0,0,0,0.075758
r2g_train_1058,gen_bio_vs_stalker_zealot_04,bio_vs_stalker_zealot,0.075758,0,0,0,0.075758
r2g_train_1059,gen_bio_vs_stalker_zealot_04,bio_vs_stalker_zealot,0.075758,0,0,0,0.075758
r2g_train_1060,gen_bio_vs_stalker_zealot_04,bio_vs_stalker_zealot,0.075758,0,0,0,0.075758
r2g_train_1061,gen_bio_vs_stalker_zealot_04,bio_vs_stalker_zealot,0.075758,0,0,0,0.075758
r2g_train_1062,gen_bio_vs_stalker_zealot_04,bio_vs_stalker_zealot,0.075758,0,0,0,0.075758
r2g_train_1063,gen_bio_vs_stalker_zealot_04,bio_vs_stalker_zealot,0.075758,0,0,0,0.075758
r2g_train_1064,gen_bio_vs_stalker_zealot_04,bio_vs_stalker_zealot,0.075758,0,0,0,0.075758
r2g_train_1065,gen_bio_vs_stalker_zealot_04,bio_vs_stalker_zealot,0.075758,0,0,0,0.075758
r2g_train_1066,gen_bio_vs_stalker_zealot_04,bio_vs_stalker_zealot,0.075758,0,0,0,0.075758
r2g_train_1067,gen_bio_vs_stalker_zealot_04,bio_vs_stalker_zealot,0.075758,0,0,0,0.075758
r2g_train_1068,gen_bio_vs_stalker_zealot_04,bio_vs_stalker_zealot,0.075758,0,0,0,0.075758
r2g_train_1069,gen_bio_vs_stalker_zealot_05,bio_vs_stalker_zealot,0.0,0,0,0,0.0
r2g_train_1070,gen_bio_vs_stalker_zealot_05,bio_vs_stalker_zealot,0.0,0,0,0,0.0
r2g_train_1071,gen_bio_vs_stalker_zealot_05,bio_vs_stalker_zealot,0.0,0,0,0,0.0
r2g_train_1072,gen_bio_vs_stalker_zealot_05,bio_vs_stalker_zealot,0.0,0,0,0,0.0
r2g_train_1073,gen_bio_vs_stalker_zealot_05,bio_vs_stalker_zealot,0.0,0,0,0,0.0
r2g_train_1074,gen_bio_vs_stalker_zealot_05,bio_vs_stalker_zealot,0.0,0,0,0,0.0
r2g_train_1075,gen_bio_vs_stalker_zealot_05,bio_vs_stalker_zealot,0.0,0,0,0,0.0
r2g_train_1076,gen_bio_vs_stalker_zealot_05,bio_vs_stalker_zealot,0.0,0,0,0,0.0
r2g_train_1077,gen_bio_vs_stalker_zealot_05,bio_vs_stalker_zealot,0.0,0,0,0,0.0
r2g_train_1078,gen_bio_vs_stalker_zealot_05,bio_vs_stalker_zealot,0.0,0,0,0,0.0
r2g_train_1079,gen_bio_vs_stalker_zealot_05,bio_vs_stalker_zealot,0.0,0,0,0,0.0
r2g_train_1080,gen_bio_vs_stalker_zealot_05,bio_vs_stalker_zealot,0.0,0,0,0,0.0
r2g_train_1081,gen_protoss_triad_vs_bio_01,protoss_triad_vs_bio,0.751748,0,0,0,0.751748
r2g_train_1082,gen_protoss_triad_vs_bio_01,protoss_triad_vs_bio,0.751748,0,0,0,0.751748
r2g_train_1083,gen_protoss_triad_vs_bio_01,protoss_triad_vs_bio,0.751748,0,0,0,0.751748
r2g_train_1084,gen_protoss_triad_vs_bio_01,protoss_triad_vs_bio,0.751748,0,0,0,0.751748
r2g_train_1085,gen_protoss_triad_vs_bio_01,protoss_triad_vs_bio,0.751748,0,0,0,0.751748
r2g_train_1086,gen_protoss_triad_vs_bio_01,protoss_triad_vs_bio,0.751748,0,0,0,0.751748
r2g_train_1087,gen_protoss_triad_vs_bio_01,protoss_triad_vs_bio,0.751748,0,0,0,0.751748
r2g_train_1088,gen_protoss_triad_vs_bio_01,protoss_triad_vs_bio,0.751748,0,0,0,0.751748
r2g_train_1089,gen_protoss_triad_vs_bio_01,protoss_triad_vs_bio,0.751748,0,0,0,0.751748
r2g_train_1090,gen_protoss_triad_vs_bio_01,protoss_triad_vs_bio,0.751748,0,0,0,0.751748
r2g_train_1091,gen_protoss_triad_vs_bio_01,protoss_triad_vs_bio,0.751748,0,0,0,0.751748
r2g_train_1092,gen_protoss_triad_vs_bio_01,protoss_triad_vs_bio,0.751748,0,0,0,0.751748
r2g_train_1093,gen_protoss_triad_vs_bio_02,protoss_triad_vs_bio,0.606061,0,0,0,0.606061
r2g_train_1094,gen_protoss_triad_vs_bio_02,protoss_triad_vs_bio,0.606061,0,0,0,0.606061
r2g_train_1095,gen_protoss_triad_vs_bio_02,protoss_triad_vs_bio,0.606061,0,0,0,0.606061
r2g_train_1096,gen_protoss_triad_vs_bio_02,protoss_triad_vs_bio,0.606061,0,0,0,0.606061
r2g_train_1097,gen_protoss_triad_vs_bio_02,protoss_triad_vs_bio,0.606061,0,0,0,0.606061
r2g_train_1098,gen_protoss_triad_vs_bio_02,protoss_triad_vs_bio,0.606061,0,0,0,0.606061
r2g_train_1099,gen_protoss_triad_vs_bio_02,protoss_triad_vs_bio,0.606061,0,0,0,0.606061
r2g_train_1100,gen_protoss_triad_vs_bio_02,protoss_triad_vs_bio,0.606061,0,0,0,0.606061
r2g_train_1101,gen_protoss_triad_vs_bio_02,protoss_triad_vs_bio,0.606061,0,0,0,0.606061
r2g_train_1102,gen_protoss_triad_vs_bio_02,protoss_triad_vs_bio,0.606061,0,0,0,0.606061
r2g_train_1103,gen_protoss_triad_vs_bio_02,protoss_triad_vs_bio,0.606061,0,0,0,0.606061
r2g_train_1104,gen_protoss_triad_vs_bio_02,protoss_triad_vs_bio,0.606061,0,0,0,0.606061
r2g_train_1105,gen_protoss_triad_vs_bio_03,protoss_triad_vs_bio,0.433884,0,0,0,0.433884
r2g_train_1106,gen_protoss_triad_vs_bio_03,protoss_triad_vs_bio,0.433884,0,0,0,0.433884
r2g_train_1107,gen_protoss_triad_vs_bio_03,protoss_triad_vs_bio,0.433884,0,0,0,0.433884
r2g_train_1108,gen_protoss_triad_vs_bio_03,protoss_triad_vs_bio,0.433884,0,0,0,0.433884
r2g_train_1109,gen_protoss_triad_vs_bio_03,protoss_triad_vs_bio,0.433884,0,0,0,0.433884
r2g_train_1110,gen_protoss_triad_vs_bio_03,protoss_triad_vs_bio,0.433884,0,0,0,0.433884
r2g_train_1111,gen_protoss_triad_vs_bio_03,protoss_triad_vs_bio,0.433884,0,0,0,0.433884
r2g_train_1112,gen_protoss_triad_vs_bio_03,protoss_triad_vs_bio,0.433884,0,0,0,0.433884
r2g_train_1113,gen_protoss_triad_vs_bio_03,protoss_triad_vs_bio,0.433884,0,0,0,0.433884
r2g_train_1114,gen_protoss_triad_vs_bio_03,protoss_triad_vs_bio,0.433884,0,0,0,0.433884
r2g_train_1115,gen_protoss_triad_vs_bio_03,protoss_triad_vs_bio,0.433884,0,0,0,0.433884
r2g_train_1116,gen_protoss_triad_vs_bio_03,protoss_triad_vs_bio,0.433884,0,0,0,0.433884
r2g_train_1117,gen_protoss_triad_vs_bio_04,protoss_triad_vs_bio,0.151515,0,0,0,0.151515
r2g_train_1118,gen_protoss_triad_vs_bio_04,protoss_triad_vs_bio,0.151515,0,0,0,0.151515
r2g_train_1119,gen_protoss_triad_vs_bio_04,protoss_triad_vs_bio,0.151515,0,0,0,0.151515
r2g_train_1120,gen_protoss_triad_vs_bio_04,protoss_triad_vs_bio,0.151515,0,0,0,0.151515
r2g_train_1121,gen_protoss_triad_vs_bio_04,protoss_triad_vs_bio,0.151515,0,0,0,0.151515
r2g_train_1122,gen_protoss_triad_vs_bio_04,protoss_triad_vs_bio,0.151515,0,0,0,0.151515
r2g_train_1123,gen_protoss_triad_vs_bio_04,protoss_triad_vs_bio,0.151515,0,0,0,0.151515
r2g_train_1124,gen_protoss_triad_vs_bio_04,protoss_triad_vs_bio,0.151515,0,0,0,0.151515
r2g_train_1125,gen_protoss_triad_vs_bio_04,protoss_triad_vs_bio,0.151515,0,0,0,0.151515
r2g_train_1126,gen_protoss_triad_vs_bio_04,protoss_triad_vs_bio,0.151515,0,0,0,0.151515
r2g_train_1127,gen_protoss_triad_vs_bio_04,protoss_triad_vs_bio,0.151515,0,0,0,0.151515
r2g_train_1128,gen_protoss_triad_vs_bio_04,protoss_triad_vs_bio,0.151515,0,0,0,0.151515
r2g_train_1129,gen_protoss_triad_vs_bio_05,protoss_triad_vs_bio,0.0,0,0,0,0.0
r2g_train_1130,gen_protoss_triad_vs_bio_05,protoss_triad_vs_bio,0.0,0,0,0,0.0
r2g_train_1131,gen_protoss_triad_vs_bio_05,protoss_triad_vs_bio,0.0,0,0,0,0.0
r2g_train_1132,gen_protoss_triad_vs_bio_05,protoss_triad_vs_bio,0.0,0,0,0,0.0
r2g_train_1133,gen_protoss_triad_vs_bio_05,protoss_triad_vs_bio,0.0,0,0,0,0.0
r2g_train_1134,gen_protoss_triad_vs_bio_05,protoss_triad_vs_bio,0.0,0,0,0,0.0
r2g_train_1135,gen_protoss_triad_vs_bio_05,protoss_triad_vs_bio,0.0,0,0,0,0.0
r2g_train_1136,gen_protoss_triad_vs_bio_05,protoss_triad_vs_bio,0.0,0,0,0,0.0
r2g_train_1137,gen_protoss_triad_vs_bio_05,protoss_triad_vs_bio,0.0,0,0,0,0.0
r2g_train_1138,gen_protoss_triad_vs_bio_05,protoss_triad_vs_bio,0.0,0,0,0,0.0
r2g_train_1139,gen_protoss_triad_vs_bio_05,protoss_triad_vs_bio,0.0,0,0,0,0.0
r2g_train_1140,gen_protoss_triad_vs_bio_05,protoss_triad_vs_bio,0.0,0,0,0,0.0
r2g_train_1141,gen_bio_vs_spine_swarm_01,bio_vs_spine_swarm,0.681818,0,0,0,0.681818
r2g_train_1142,gen_bio_vs_spine_swarm_01,bio_vs_spine_swarm,0.681818,0,0,0,0.681818
r2g_train_1143,gen_bio_vs_spine_swarm_01,bio_vs_spine_swarm,0.681818,0,0,0,0.681818
r2g_train_1144,gen_bio_vs_spine_swarm_01,bio_vs_spine_swarm,0.681818,0,0,0,0.681818
r2g_train_1145,gen_bio_vs_spine_swarm_01,bio_vs_spine_swarm,0.681818,0,0,0,0.681818
r2g_train_1146,gen_bio_vs_spine_swarm_01,bio_vs_spine_swarm,0.681818,0,0,0,0.681818
r2g_train_1147,gen_bio_vs_spine_swarm_01,bio_vs_spine_swarm,0.681818,0,0,0,0.681818
r2g_train_1148,gen_bio_vs_spine_swarm_01,bio_vs_spine_swarm,0.681818,0,0,0,0.681818
r2g_train_1149,gen_bio_vs_spine_swarm_01,bio_vs_spine_swarm,0.681818,0,0,0,0.681818
r2g_train_1150,gen_bio_vs_spine_swarm_01,bio_vs_spine_swarm,0.681818,0,0,0,0.681818
r2g_train_1151,gen_bio_vs_spine_swarm_01,bio_vs_spine_swarm,0.681818,0,0,0,0.681818
r2g_train_1152,gen_bio_vs_spine_swarm_01,bio_vs_spine_swarm,0.681818,0,0,0,0.681818
r2g_train_1153,gen_bio_vs_spine_swarm_02,bio_vs_spine_swarm,0.574866,0,0,0,0.574866
r2g_train_1154,gen_bio_vs_spine_swarm_02,bio_vs_spine_swarm,0.574866,0,0,0,0.574866
r2g_train_1155,gen_bio_vs_spine_swarm_02,bio_vs_spine_swarm,0.574866,0,0,0,0.574866
r2g_train_1156,gen_bio_vs_spine_swarm_02,bio_vs_spine_swarm,0.574866,0,0,0,0.574866
r2g_train_1157,gen_bio_vs_spine_swarm_02,bio_vs_spine_swarm,0.574866,0,0,0,0.574866
r2g_train_1158,gen_bio_vs_spine_swarm_02,bio_vs_spine_swarm,0.574866,0,0,0,0.574866
r2g_train_1159,gen_bio_vs_spine_swarm_02,bio_vs_spine_swarm,0.574866,0,0,0,0.574866
r2g_train_1160,gen_bio_vs_spine_swarm_02,bio_vs_spine_swarm,0.574866,0,0,0,0.574866
r2g_train_1161,gen_bio_vs_spine_swarm_02,bio_vs_spine_swarm,0.574866,0,0,0,0.574866
r2g_train_1162,gen_bio_vs_spine_swarm_02,bio_vs_spine_swarm,0.574866,0,0,0,0.574866
r2g_train_1163,gen_bio_vs_spine_swarm_02,bio_vs_spine_swarm,0.574866,0,0,0,0.574866
r2g_train_1164,gen_bio_vs_spine_swarm_02,bio_vs_spine_swarm,0.574866,0,0,0,0.574866
r2g_train_1165,gen_bio_vs_spine_swarm_03,bio_vs_spine_swarm,0.378788,0,0,0,0.378788
r2g_train_1166,gen_bio_vs_spine_swarm_03,bio_vs_spine_swarm,0.378788,0,0,0,0.378788
r2g_train_1167,gen_bio_vs_spine_swarm_03,bio_vs_spine_swarm,0.378788,0,0,0,0.378788
r2g_train_1168,gen_bio_vs_spine_swarm_03,bio_vs_spine_swarm,0.378788,0,0,0,0.378788
r2g_train_1169,gen_bio_vs_spine_swarm_03,bio_vs_spine_swarm,0.378788,0,0,0,0.378788
r2g_train_1170,gen_bio_vs_spine_swarm_03,bio_vs_spine_swarm,0.378788,0,0,0,0.378788
r2g_train_1171,gen_bio_vs_spine_swarm_03,bio_vs_spine_swarm,0.378788,0,0,0,0.378788
r2g_train_1172,gen_bio_vs_spine_swarm_03,bio_vs_spine_swarm,0.378788,0,0,0,0.378788
r2g_train_1173,gen_bio_vs_spine_swarm_03,bio_vs_spine_swarm,0.378788,0,0,0,0.378788
r2g_train_1174,gen_bio_vs_spine_swarm_03,bio_vs_spine_swarm,0.378788,0,0,0,0.378788
r2g_train_1175,gen_bio_vs_spine_swarm_03,bio_vs_spine_swarm,0.378788,0,0,0,0.378788
r2g_train_1176,gen_bio_vs_spine_swarm_03,bio_vs_spine_swarm,0.378788,0,0,0,0.378788
r2g_train_1177,gen_bio_vs_spine_swarm_04,bio_vs_spine_swarm,0.075758,0,0,0,0.075758
r2g_train_1178,gen_bio_vs_spine_swarm_04,bio_vs_spine_swarm,0.075758,0,0,0,0.075758
r2g_train_1179,gen_bio_vs_spine_swarm_04,bio_vs_spine_swarm,0.075758,0,0,0,0.075758
r2g_train_1180,gen_bio_vs_spine_swarm_04,bio_vs_spine_swarm,0.075758,0,0,0,0.075758
r2g_train_1181,gen_bio_vs_spine_swarm_04,bio_vs_spine_swarm,0.075758,0,0,0,0.075758
r2g_train_1182,gen_bio_vs_spine_swarm_04,bio_vs_spine_swarm,0.075758,0,0,0,0.075758
r2g_train_1183,gen_bio_vs_spine_swarm_04,bio_vs_spine_swarm,0.075758,0,0,0,0.075758
r2g_train_1184,gen_bio_vs_spine_swarm_04,bio_vs_spine_swarm,0.075758,0,0,0,0.075758
r2g_train_1185,gen_bio_vs_spine_swarm_04,bio_vs_spine_swarm,0.075758,0,0,0,0.075758
r2g_train_1186,gen_bio_vs_spine_swarm_04,bio_vs_spine_swarm,0.075758,0,0,0,0.075758
r2g_train_1187,gen_bio_vs_spine_swarm_04,bio_vs_spine_swarm,0.075758,0,0,0,0.075758
r2g_train_1188,gen_bio_vs_spine_swarm_04,bio_vs_spine_swarm,0.075758,0,0,0,0.075758
r2g_train_1189,gen_bio_vs_spine_swarm_05,bio_vs_spine_swarm,0.0,0,0,0,0.0
r2g_train_1190,gen_bio_vs_spine_swarm_05,bio_vs_spine_swarm,0.0,0,0,0,0.0
r2g_train_1191,gen_bio_vs_spine_swarm_05,bio_vs_spine_swarm,0.0,0,0,0,0.0
r2g_train_1192,gen_bio_vs_spine_swarm_05,bio_vs_spine_swarm,0.0,0,0,0,0.0
r2g_train_1193,gen_bio_vs_spine_swarm_05,bio_vs_spine_swarm,0.0,0,0,0,0.0
r2g_train_1194,gen_bio_vs_spine_swarm_05,bio_vs_spine_swarm,0.0,0,0,0,0.0
r2g_train_1195,gen_bio_vs_spine_swarm_05,bio_vs_spine_swarm,0.0,0,0,0,0.0
r2g_train_1196,gen_bio_vs_spine_swarm_05,bio_vs_spine_swarm,0.0,0,0,0,0.0
r2g_train_1197,gen_bio_vs_spine_swarm_05,bio_vs_spine_swarm,0.0,0,0,0,0.0
r2g_train_1198,gen_bio_vs_spine_swarm_05,bio_vs_spine_swarm,0.0,0,0,0,0.0
r2g_train_1199,gen_bio_vs_spine_swarm_05,bio_vs_spine_swarm,0.0,0,0,0,0.0
r2g_train_1200,gen_bio_vs_spine_swarm_05,bio_vs_spine_swarm,0.0,0,0,0,0.0
